idade,horas_sono,produtividade,salario_mensal,nivel_estresse,profissao
58,4.5,28.5,3595.93,7.5,designer
48,5.1,38.6,5613.69,6.6,designer
34,8.7,77.8,7138.44,3.6,engenheiro
27,4.7,39.9,8131.48,5.9,engenheiro
40,8.9,87.4,5565.25,3.6,marketeiro
58,6.7,53.4,7661.42,5.7,engenheiro
38,6.2,48.9,3447.04,6.4,marketeiro
42,7.3,67.4,5380.03,2.6,engenheiro
30,5.0,50.6,6474.71,7.1,dev
30,8.2,70.1,4658.52,2.1,dev
43,9.5,96.6,5491.24,1.2,marketeiro
55,8.3,74.1,7545.79,2.4,engenheiro
59,6.6,59.7,6796.01,2.7,engenheiro
43,4.7,45.7,4693.85,3.2,designer
22,4.8,,4860.25,7.6,analista
41,5.0,41.3,4981.32,4.6,marketeiro
21,7.0,71.7,6037.36,3.3,analista
43,7.2,64.4,4936.89,2.6,analista
49,8.3,78.7,5677.57,2.2,marketeiro
57,4.3,37.7,6927.63,5.5,engenheiro
21,9.0,80.0,5222.22,4.0,marketeiro
40,8.0,76.4,5700.31,2.0,analista
52,6.5,53.8,6693.84,6.9,engenheiro
31,5.2,46.6,6140.74,7.1,dev
41,8.9,81.2,6120.35,1.5,marketeiro
44,6.5,57.1,4245.5,4.8,marketeiro
46,7.0,68.1,6098.62,4.5,engenheiro
47,7.6,59.5,5499.33,4.8,dev
35,5.6,40.7,4887.22,6.7,dev
34,6.6,49.3,4800.78,4.7,engenheiro
22,8.3,83.9,2655.3,1.1,designer
56,8.1,66.4,6152.28,3.9,marketeiro
26,8.2,77.1,4112.75,2.4,marketeiro
40,5.3,44.1,6414.69,1.2,analista
28,,56.4,6937.82,4.8,engenheiro
58,6.4,56.7,5026.12,3.3,analista
37,7.6,68.3,6018.24,2.6,analista
23,7.5,69.2,6378.8,3.4,dev
44,7.2,64.7,4289.02,1.3,marketeiro
33,10.0,97.0,5943.08,1.3,analista
28,6.6,55.2,5044.77,3.8,dev
45,6.4,59.2,6912.01,3.0,engenheiro
21,5.3,55.7,4763.29,5.3,analista
39,4.7,32.0,4602.72,3.5,marketeiro
47,5.2,43.7,5043.46,5.6,analista
26,5.9,52.5,6384.69,5.5,engenheiro
27,9.0,87.7,7146.25,2.4,analista
54,7.1,53.7,4812.79,5.2,marketeiro
33,7.3,74.4,7091.01,5.2,dev
36,6.9,53.3,5383.74,4.0,marketeiro
55,7.5,63.3,7083.59,5.1,dev
59,9.1,81.4,4950.29,1.9,designer
23,4.0,32.1,5237.8,5.5,marketeiro
21,,79.9,5350.46,1.6,marketeiro
25,3.2,28.4,3534.27,7.6,engenheiro
23,7.0,66.2,4621.3,5.4,analista
48,10.0,90.4,6822.35,1.2,dev
37,8.0,77.1,6569.56,1.8,dev
45,7.6,64.6,5433.37,5.6,engenheiro
53,10.0,91.0,7041.26,1.0,engenheiro
29,5.9,51.1,5669.42,3.8,analista
55,7.7,61.3,5391.21,4.8,analista
33,7.9,70.6,5842.77,5.7,marketeiro
50,6.2,49.7,52191.0,5.4,designer
34,6.3,54.4,52885.5,4.8,analista
27,6.2,62.3,6025.39,4.0,engenheiro
33,7.1,63.4,6285.62,4.6,analista
42,7.8,66.5,6367.82,3.4,dev
59,7.2,60.2,3797.69,2.6,designer
40,8.1,73.2,5474.16,2.4,marketeiro
35,4.0,27.5,4492.11,5.3,dev
37,6.7,57.8,5095.86,4.2,dev
43,5.5,44.4,4143.8,5.5,designer
45,7.5,64.7,5205.88,5.9,marketeiro
44,7.4,69.1,6836.56,2.5,engenheiro
48,6.8,59.3,4763.08,3.8,marketeiro
34,7.8,77.0,5362.76,4.9,analista
20,8.5,80.9,5811.04,5.1,dev
44,6.9,69.2,6375.6,4.5,analista
26,5.4,46.7,3918.46,4.9,engenheiro
28,4.6,36.8,4805.56,5.3,analista
43,7.1,64.7,6406.16,1.0,marketeiro
20,7.4,76.4,6060.51,1.9,analista
27,5.5,43.2,7160.92,5.4,engenheiro
43,8.1,71.3,4942.12,2.6,engenheiro
30,6.3,54.1,5317.13,5.4,engenheiro
36,4.5,38.7,5191.25,5.8,marketeiro
27,8.9,83.5,7992.95,1.0,engenheiro
54,8.7,83.1,5333.31,2.7,dev
54,4.0,28.4,5616.15,10.0,engenheiro
52,6.2,58.0,5691.7,4.1,analista
24,6.1,54.6,4157.01,4.8,analista
58,9.5,87.6,6231.72,2.9,analista
47,6.9,60.3,2963.26,3.1,marketeiro
26,4.8,51.0,5658.96,7.6,analista
28,8.3,70.2,4457.63,1.0,marketeiro
27,5.2,40.3,4446.71,5.0,marketeiro
31,6.6,69.1,7057.3,3.5,engenheiro
53,5.8,44.2,6020.61,5.3,dev
52,6.2,47.8,6211.28,1.8,engenheiro
42,8.4,71.3,7344.44,4.7,engenheiro
43,9.3,90.0,4189.29,2.3,marketeiro
56,5.1,33.4,4864.79,7.5,marketeiro
54,7.9,68.7,4898.41,5.5,analista
59,5.9,45.9,5922.63,3.8,analista
41,5.9,56.5,6896.52,1.0,engenheiro
46,7.7,65.3,5558.8,5.0,designer
54,5.5,45.9,6004.17,4.8,designer
20,7.7,67.2,6409.12,1.6,analista
54,8.1,81.5,5096.88,3.6,designer
56,6.4,51.1,5265.7,8.2,analista
33,9.0,83.3,5931.0,1.9,marketeiro
22,5.1,54.8,6430.66,6.8,engenheiro
20,9.0,83.2,6812.85,1.0,dev
24,4.1,44.4,4381.4,3.7,engenheiro
45,10.0,88.9,7338.78,2.6,analista
33,6.4,60.7,5458.8,5.1,analista
58,5.3,38.1,4773.56,4.9,engenheiro
46,6.7,50.5,4526.91,6.9,analista
28,,50.8,3058.18,2.5,designer
34,7.6,72.2,4210.87,1.4,designer
34,9.1,77.1,5543.23,1.3,analista
45,5.5,44.6,6380.21,4.7,analista
32,7.9,78.3,5502.96,5.1,designer
51,4.7,39.8,5283.43,6.0,analista
58,8.5,71.9,4670.69,2.3,analista
51,7.6,,5786.25,1.5,engenheiro
23,8.6,91.3,5771.72,3.8,dev
49,6.8,51.1,4202.05,2.5,designer
56,6.3,52.0,5998.42,2.6,engenheiro
42,8.2,66.5,5776.97,2.3,dev
58,5.0,45.4,4909.04,5.8,analista
34,4.4,37.0,4518.27,5.1,analista
48,7.0,61.2,6526.29,4.9,engenheiro
55,6.4,67.0,5253.48,3.7,analista
32,7.8,68.9,3957.65,4.7,marketeiro
51,8.6,84.9,6801.25,3.0,engenheiro
26,7.8,70.8,5969.21,5.8,dev
41,8.5,75.8,5373.46,1.9,engenheiro
47,7.5,78.6,4706.06,4.5,designer
21,7.7,72.4,7063.86,1.0,engenheiro
25,6.8,56.4,4436.51,8.4,analista
47,7.7,69.0,4541.04,4.4,analista
47,7.2,62.2,4873.63,3.2,marketeiro
39,7.5,68.9,5732.04,3.0,marketeiro
49,6.7,57.0,6503.73,3.8,marketeiro
30,,87.2,6835.32,5.3,dev
47,,52.7,5858.77,6.1,marketeiro
44,7.0,55.5,6110.61,3.3,dev
58,9.0,78.7,4832.4,1.0,???
52,5.6,41.4,6141.93,7.1,dev
-1,3.8,32.3,5916.52,8.0,engenheiro
46,7.5,61.7,6727.8,4.5,engenheiro
32,6.6,70.3,4797.4,3.8,analista
22,8.5,77.3,6532.75,2.0,dev
58,6.8,59.9,4801.79,6.6,designer
25,6.1,54.3,5499.77,7.3,analista
27,6.9,57.7,6297.0,5.0,engenheiro
46,8.6,78.2,5951.0,3.8,dev
28,7.9,75.0,5713.26,3.3,marketeiro
56,3.3,25.1,4051.4,5.1,designer
52,7.3,49.3,4968.18,2.4,engenheiro
43,7.4,58.8,3882.26,5.4,analista
34,7.0,67.7,6163.24,5.7,dev
51,6.1,46.0,4332.51,6.4,designer
51,8.8,78.7,4797.71,2.8,dev
43,8.9,73.8,5391.78,4.0,marketeiro
31,3.7,34.4,4941.06,6.6,analista
58,,51.1,5366.61,5.8,dev
21,6.8,67.3,6706.78,3.6,engenheiro
22,8.4,85.0,6826.93,1.0,analista
56,7.1,,7534.81,5.0,engenheiro
36,6.0,46.7,5815.15,6.8,dev
21,8.1,72.5,5519.73,6.6,analista
21,6.7,67.1,6632.95,4.4,engenheiro
47,6.8,64.5,5414.56,2.4,marketeiro
42,7.0,57.8,4852.68,3.5,marketeiro
56,7.9,63.7,6095.06,3.0,dev
51,6.5,51.9,4019.76,4.6,analista
52,8.0,61.9,4993.26,3.8,designer
20,6.9,58.5,5759.65,4.6,analista
38,5.4,40.2,4410.5,6.6,marketeiro
21,,63.8,6380.29,4.2,engenheiro
45,5.5,47.1,3817.69,1.9,designer
51,7.1,62.6,4938.48,4.1,dev
25,8.2,74.9,5292.14,2.9,designer
51,5.4,41.3,5035.48,6.2,dev
23,7.5,71.5,3650.78,2.7,designer
30,5.8,44.1,4771.84,5.4,dev
36,7.3,,5286.24,4.3,dev
57,8.3,77.9,5788.61,2.4,designer
43,3.8,26.3,4538.23,7.8,designer
24,5.3,46.5,5000.08,5.4,dev
53,6.4,60.1,4631.02,4.5,marketeiro
25,7.5,69.1,6086.32,1.0,designer
41,6.8,62.2,6182.56,2.3,analista
30,,62.9,5548.31,2.2,engenheiro
35,10.0,100.0,7430.82,1.3,dev
52,5.2,43.9,5593.45,7.4,dev
28,8.7,,7402.25,2.0,engenheiro
25,6.5,62.6,5008.08,5.5,marketeiro
35,7.8,68.5,7475.66,4.1,engenheiro
48,10.0,88.1,4393.56,1.4,designer
22,8.0,79.8,6492.29,3.6,engenheiro
39,7.6,68.4,6999.46,3.7,dev
55,9.4,77.1,4742.4,1.7,engenheiro
38,8.7,,5792.71,2.7,analista
45,5.8,53.9,4493.65,7.0,designer
22,7.4,70.2,7100.82,4.1,engenheiro
38,4.4,35.3,6384.98,6.5,dev
39,6.2,55.1,5410.59,3.2,designer
51,7.5,67.1,6199.28,5.6,dev
26,6.1,45.6,4916.5,2.7,marketeiro
52,7.4,74.3,5339.77,1.0,analista
59,7.0,54.0,5178.73,4.6,marketeiro
58,7.8,66.4,6664.27,1.9,analista
37,6.4,56.4,5681.76,6.1,engenheiro
59,5.6,54.1,4489.57,2.5,designer
20,9.2,87.7,6755.56,3.2,engenheiro
30,6.3,64.5,6268.35,5.6,analista
47,8.0,72.5,5766.65,3.1,analista
44,9.2,77.9,6455.57,1.0,analista
42,7.2,64.7,6797.99,1.0,dev
50,5.7,46.6,5172.07,5.4,designer
49,6.7,52.1,5430.31,3.9,engenheiro
54,8.5,76.3,7972.65,3.6,engenheiro
26,7.3,68.0,6349.97,3.4,marketeiro
35,5.2,47.7,5266.41,5.2,analista
45,7.9,70.9,4458.33,1.0,analista
21,8.2,74.1,4362.91,4.0,analista
20,,64.5,6671.13,3.2,engenheiro
31,7.9,69.8,4686.07,2.5,marketeiro
24,7.4,53.4,4426.9,2.2,dev
56,6.7,56.5,3583.73,1.9,designer
51,5.1,37.6,5188.41,7.9,dev
28,8.6,82.5,6893.14,3.5,engenheiro
54,8.1,80.6,6833.31,3.9,analista
38,7.9,81.3,5606.83,2.5,designer
35,9.3,85.3,6475.01,1.0,engenheiro
22,8.4,75.6,6938.64,5.7,engenheiro
39,8.0,75.4,6863.78,3.5,engenheiro
43,3.7,26.4,4986.89,7.1,designer
52,8.8,79.5,5160.73,1.7,designer
43,7.1,59.3,5919.09,1.0,marketeiro
30,7.5,69.9,5908.67,5.1,marketeiro
27,7.5,65.3,6046.11,1.9,dev
55,8.2,76.5,5052.55,3.6,designer
57,8.7,72.5,5823.04,3.6,designer
59,8.0,71.0,4494.51,3.5,designer
39,7.7,63.0,3939.79,4.0,marketeiro
54,7.3,66.6,5288.84,5.5,engenheiro
44,3.0,20.0,4162.9,6.3,analista
54,6.6,56.2,5570.6,4.5,marketeiro
44,5.6,52.2,4444.64,4.7,designer
48,8.8,77.6,5527.03,1.0,marketeiro
37,7.9,66.7,5604.86,3.5,dev
37,6.3,58.2,4483.29,6.3,designer
21,6.5,56.2,5023.07,6.4,dev
54,6.4,51.3,4695.52,7.3,designer
35,6.4,,4932.12,1.7,marketeiro
55,4.8,44.1,6492.16,8.2,engenheiro
52,4.5,34.8,5252.36,6.4,analista
23,7.0,65.9,5831.53,6.2,dev
52,8.6,79.4,4186.39,1.8,marketeiro
33,6.2,55.6,7190.26,3.8,engenheiro
40,7.5,69.7,5177.9,1.6,marketeiro
39,8.1,78.6,6242.81,3.9,dev
27,5.5,48.1,6501.31,6.0,analista
26,7.0,48.1,5648.46,2.5,marketeiro
22,6.0,51.5,5129.85,1.5,designer
36,9.4,,6892.18,2.2,engenheiro
52,9.3,82.9,5433.7,2.6,marketeiro
31,5.5,47.2,6400.38,3.7,engenheiro
41,7.6,73.4,5426.86,1.4,designer
41,8.6,77.3,7028.73,3.4,analista
49,8.3,62.5,7415.55,5.7,analista
57,7.1,52.3,5016.66,3.2,designer
57,9.0,80.3,4981.75,1.0,engenheiro
27,5.6,,4199.07,5.5,marketeiro
46,6.5,63.5,6402.1,5.1,designer
46,5.7,44.0,6234.46,4.6,dev
53,8.2,69.6,6884.69,5.9,engenheiro
40,6.1,48.8,5099.1,6.1,analista
49,6.7,55.0,3874.21,3.6,designer
52,,59.4,6733.31,1.0,analista
47,8.0,,5878.61,5.0,engenheiro
52,5.6,45.7,5769.46,6.9,analista
24,8.6,80.4,4164.96,1.9,designer
38,7.7,80.0,6527.47,3.5,engenheiro
23,5.4,,6669.49,4.8,dev
54,5.0,35.5,4333.19,6.6,designer
36,7.0,52.3,4690.39,2.5,marketeiro
47,8.3,72.9,5101.34,1.0,designer
49,8.3,,55594.700000000004,3.9,engenheiro
48,7.5,,3702.28,4.9,designer
25,7.1,,6496.52,3.1,dev
54,7.8,74.8,5784.06,1.9,dev
56,5.7,44.7,5435.42,6.8,marketeiro
43,9.5,90.0,6744.79,1.0,analista
48,,80.9,7671.78,1.8,engenheiro
50,7.6,66.1,5195.41,3.2,engenheiro
54,7.3,60.5,4848.9,1.5,analista
52,6.4,50.1,6180.85,4.8,dev
40,7.8,75.7,6578.02,3.2,dev
51,6.0,42.5,6436.84,5.5,designer
42,3.7,29.7,3920.1,7.1,marketeiro
52,3.0,20.0,5434.53,10.0,marketeiro
22,5.8,55.7,5333.04,6.6,marketeiro
37,7.2,63.2,3636.38,3.7,designer
44,,70.5,4819.48,3.5,marketeiro
50,6.3,48.0,5430.02,7.3,analista
22,7.2,73.5,3739.24,4.8,designer
59,6.6,,3650.01,2.5,analista
43,5.5,39.8,3187.52,6.8,designer
51,6.9,62.4,5343.23,5.8,marketeiro
41,8.2,73.0,5207.27,5.2,analista
42,5.6,38.7,4585.28,4.7,analista
21,5.6,53.2,4828.88,4.3,analista
46,5.4,49.8,3607.62,3.8,designer
21,4.1,43.2,5782.32,6.7,engenheiro
45,6.3,51.9,3522.26,5.7,marketeiro
36,8.1,74.2,6563.68,2.1,analista
59,7.3,61.1,7769.79,3.5,engenheiro
52,6.7,64.5,3306.8,1.0,marketeiro
28,7.2,62.3,4758.95,6.0,marketeiro
58,,48.7,4907.92,2.3,analista
48,4.1,27.0,4765.53,7.2,analista
45,8.2,65.5,5783.87,3.3,designer
54,8.6,76.5,6274.62,2.5,engenheiro
44,5.9,58.3,6303.66,4.8,engenheiro
43,6.8,58.1,7755.42,2.6,analista
32,6.6,55.6,4945.5,3.7,marketeiro
26,7.5,71.0,6978.05,4.8,analista
55,9.5,87.3,5911.0,3.5,marketeiro
39,8.7,78.8,4939.26,1.7,marketeiro
20,6.4,67.4,4933.87,1.8,analista
27,7.8,68.7,6024.31,2.0,dev
35,,80.4,5804.53,5.0,engenheiro
33,7.6,71.0,4573.98,2.2,marketeiro
31,7.0,65.7,4846.97,3.6,marketeiro
42,7.7,,6262.57,5.4,dev
34,5.9,46.3,6154.68,4.1,designer
47,6.2,63.9,5571.0,4.2,dev
53,5.4,42.3,6003.11,6.6,dev
21,7.5,71.0,3962.04,5.9,marketeiro
51,6.8,60.9,7261.92,3.1,engenheiro
42,5.8,46.1,4313.71,7.1,dev
41,6.8,59.6,5533.04,3.7,designer
44,7.7,64.9,5408.22,2.0,analista
41,,92.6,6292.45,1.6,dev
41,8.5,75.6,5893.8,1.0,dev
25,3.6,32.1,3440.22,7.6,designer
34,7.4,61.6,5424.74,8.3,engenheiro
56,9.1,76.1,6810.65,3.7,dev
52,5.0,32.7,5500.14,5.7,dev
27,7.8,69.3,6293.77,4.7,engenheiro
24,6.6,48.8,5086.46,3.0,designer
58,8.7,74.1,6192.83,1.3,dev
23,7.6,68.8,5897.54,3.2,engenheiro
25,5.7,52.5,7756.21,5.1,dev
51,6.7,57.0,5947.76,2.2,analista
49,6.8,64.4,5267.05,3.5,marketeiro
54,6.8,,5143.97,3.6,analista
59,8.7,80.7,6972.36,4.6,dev
35,5.7,48.1,4091.37,3.1,designer
32,8.5,76.2,4645.26,1.0,marketeiro
49,6.5,60.0,6754.8,4.5,analista
38,7.3,57.3,6384.58,5.4,engenheiro
36,7.1,62.3,4323.97,4.6,designer
38,7.0,60.9,5417.78,4.4,analista
47,7.0,63.3,7129.9,3.4,engenheiro
45,9.2,85.9,6785.95,2.9,dev
56,8.3,67.7,7295.12,4.1,engenheiro
45,6.5,53.5,4302.67,4.0,analista
42,9.4,87.6,6572.83,1.0,analista
28,7.4,64.5,5824.64,2.1,dev
31,7.5,75.2,6699.2,4.5,engenheiro
20,5.7,56.5,7314.89,2.5,engenheiro
20,6.3,59.4,6453.11,7.0,dev
53,6.0,51.0,6546.25,4.1,engenheiro
51,7.1,58.8,4294.15,4.3,dev
44,8.0,67.7,4978.35,4.1,designer
59,7.6,61.6,4796.03,2.5,analista
20,9.4,92.3,5953.64,1.0,designer
35,5.7,50.7,5753.1,5.2,marketeiro
58,7.2,58.0,4828.52,2.5,marketeiro
24,5.1,49.7,4411.92,3.9,marketeiro
41,5.6,47.1,6951.57,3.7,dev
48,8.9,75.9,6156.01,4.1,engenheiro
22,6.3,59.9,3943.23,5.0,designer
31,5.8,46.7,4034.13,3.8,designer
45,3.8,20.6,3865.21,8.2,designer
35,5.8,50.8,4072.52,3.8,designer
56,6.7,52.4,5662.82,1.3,marketeiro
41,5.0,40.2,2844.19,6.8,designer
48,,51.6,5568.32,6.8,engenheiro
33,8.9,88.5,5489.56,2.8,marketeiro
47,5.9,46.7,4868.44,2.1,designer
24,5.6,48.9,7086.81,5.1,dev
49,5.3,45.2,6414.65,5.0,analista
24,5.3,41.2,3837.27,6.0,analista
31,7.8,64.6,3942.28,2.0,analista
35,7.1,65.6,5204.5,3.2,marketeiro
45,8.4,73.1,4558.37,1.0,designer
45,10.0,,4543.77,1.6,marketeiro
40,4.3,37.6,6076.31,4.2,engenheiro
58,7.6,60.0,6085.18,4.2,dev
55,5.3,40.8,4941.55,4.3,dev
52,8.2,67.0,5005.02,1.0,analista
49,6.6,57.6,4754.94,5.4,analista
56,7.0,65.9,5158.86,4.5,analista
42,5.1,33.0,4928.86,7.8,designer
29,6.4,58.4,5513.18,1.2,engenheiro
24,7.1,70.8,6049.87,2.6,engenheiro
55,9.0,77.2,6339.08,2.3,engenheiro
53,5.8,41.8,6121.99,6.0,engenheiro
50,6.2,53.8,5528.45,2.4,analista
29,8.4,83.4,7884.4,3.1,dev
38,5.7,54.0,5767.14,4.1,analista
51,8.7,78.8,7158.22,1.0,engenheiro
20,7.0,66.4,5282.01,2.7,analista
24,7.5,65.3,5694.88,4.2,engenheiro
23,7.6,75.2,4906.01,1.0,marketeiro
35,6.1,57.8,5298.83,5.5,dev
43,7.6,61.6,5437.15,3.9,marketeiro
35,5.8,53.2,3477.53,4.5,designer
21,6.2,61.5,5897.02,1.9,???
47,7.8,73.4,5007.07,1.0,designer
51,7.4,63.8,6044.07,2.9,analista
46,6.9,,4451.69,2.4,marketeiro
39,5.1,40.8,5391.03,5.1,engenheiro
43,5.5,41.2,5793.06,6.7,engenheiro
31,7.4,67.7,5170.91,3.0,analista
54,8.1,68.9,7179.29,2.5,engenheiro
52,5.3,53.7,5642.65,4.7,marketeiro
52,5.7,51.5,7796.16,6.5,engenheiro
56,7.2,65.7,4788.51,5.6,marketeiro
31,7.2,67.8,2339.69,4.3,designer
22,4.6,39.4,4463.52,6.2,marketeiro
20,7.2,,61902.200000000004,3.9,dev
52,6.1,49.7,6317.2,6.9,dev
59,9.5,83.8,6499.24,2.4,dev
29,7.4,69.9,5151.24,5.7,analista
48,7.6,66.7,6872.22,2.7,analista
32,7.7,68.9,4705.87,1.2,analista
31,5.2,42.6,4619.59,4.5,marketeiro
50,9.9,82.2,4869.0,1.0,analista
21,4.6,47.9,4733.76,8.3,designer
54,8.2,82.2,7503.65,3.7,dev
42,7.9,76.9,5240.41,2.0,marketeiro
36,6.3,49.3,5632.4,5.8,dev
45,8.0,74.9,4267.21,2.7,analista
27,6.5,65.0,4944.74,6.6,marketeiro
48,6.0,48.3,7144.15,4.3,engenheiro
45,7.7,70.5,4857.13,1.0,designer
29,5.5,46.8,4948.07,4.9,analista
45,6.7,65.3,6363.78,3.5,analista
53,6.1,52.3,4533.86,2.7,designer
26,6.5,55.2,5861.26,5.2,designer
23,7.6,75.2,5600.89,5.3,engenheiro
30,6.1,60.4,5947.96,2.8,analista
48,6.7,58.5,6694.65,5.6,analista
55,6.2,53.9,6614.04,3.6,dev
44,,82.5,39438.5,1.9,marketeiro
40,7.5,61.5,4611.37,3.3,marketeiro
55,7.3,61.5,5729.57,3.6,dev
29,8.0,77.1,6163.96,3.6,marketeiro
56,6.1,,3673.42,3.2,designer
28,8.3,81.3,4604.24,4.5,marketeiro
43,,64.6,3885.36,4.2,marketeiro
54,4.7,34.2,4851.67,7.3,dev
54,4.9,41.9,5127.74,4.6,engenheiro
55,6.1,51.5,6251.2,3.0,marketeiro
37,5.0,40.7,4292.99,7.4,marketeiro
58,6.6,60.0,6952.66,2.4,engenheiro
51,5.5,41.2,5631.63,5.6,dev
43,6.9,56.3,6347.66,5.6,engenheiro
42,9.1,68.6,5556.27,2.1,dev
51,,56.3,5460.36,5.8,designer
56,6.5,60.8,6035.46,3.8,dev
31,7.6,59.3,4966.33,1.6,designer
32,6.0,48.4,4251.18,5.4,designer
42,8.3,76.4,5802.88,3.0,dev
44,7.7,57.4,5832.19,7.5,analista
54,7.1,57.2,6042.49,2.5,dev
49,7.2,68.2,5322.06,3.2,marketeiro
36,10.0,100.0,5096.77,1.0,marketeiro
39,8.4,77.8,7222.07,2.3,analista
44,10.0,86.6,4914.75,1.0,designer
41,7.8,65.0,5450.5,1.9,analista
32,4.8,42.2,4684.11,6.5,marketeiro
38,6.6,59.9,6961.85,3.9,analista
55,4.4,42.8,5409.15,8.0,dev
31,7.8,76.6,5342.8,2.0,analista
38,8.1,74.0,5204.67,5.6,designer
31,5.7,48.8,5177.7,5.5,dev
28,6.0,69.6,6633.86,6.3,engenheiro
26,7.2,70.2,7149.75,3.7,marketeiro
47,5.2,39.3,5029.03,4.4,marketeiro
33,5.1,,5358.29,5.2,analista
50,8.9,74.2,5538.56,1.0,dev
38,7.2,52.1,7648.83,3.8,engenheiro
35,6.2,56.2,7394.1,4.8,dev
24,4.5,48.7,5613.1,6.0,marketeiro
54,8.3,63.8,6480.55,4.9,dev
31,6.0,53.8,6119.32,4.5,engenheiro
44,9.8,85.6,6096.71,1.0,analista
40,8.3,77.5,4494.33,8.0,designer
55,5.8,46.0,4789.35,4.0,dev
42,5.9,44.1,3471.13,6.4,designer
35,9.6,83.9,5787.37,1.0,marketeiro
58,6.9,53.0,4192.07,4.5,analista
58,,57.4,4961.62,3.3,analista
33,7.0,70.3,6005.25,1.0,dev
50,6.2,50.7,6056.35,4.2,analista
24,7.4,75.0,5661.75,3.3,dev
54,6.9,57.2,6748.57,3.7,dev
42,8.3,73.1,5847.82,3.1,designer
48,6.4,54.9,4465.81,4.0,analista
30,5.7,52.2,6680.54,5.1,dev
37,6.5,54.6,4591.96,4.6,designer
31,6.5,58.6,5979.59,4.2,engenheiro
28,6.9,67.2,4784.12,3.6,designer
29,,74.4,5112.68,1.6,designer
36,7.9,71.7,5743.65,3.9,dev
57,8.8,79.1,4714.23,1.8,marketeiro
26,5.8,56.0,4438.41,4.3,marketeiro
32,7.6,69.1,5347.92,4.1,marketeiro
59,8.1,66.7,4872.71,3.3,designer
28,6.0,55.2,6250.34,3.7,dev
46,6.7,49.7,5287.63,6.2,analista
21,,38.5,4639.09,4.4,designer
24,8.4,66.4,5470.93,1.3,designer
48,6.7,48.8,6866.96,5.4,dev
56,8.2,61.8,7593.73,5.6,engenheiro
57,7.3,66.9,6076.24,2.7,designer
38,6.7,59.7,7091.75,4.7,engenheiro
27,4.6,34.4,7684.29,4.3,engenheiro
20,,47.2,5258.72,4.2,marketeiro
41,,27.8,5678.13,9.0,dev
36,6.2,56.9,8148.69,5.1,engenheiro
26,10.0,93.9,4227.07,2.9,dev
44,5.1,,4674.53,7.2,marketeiro
23,3.1,30.4,6458.54,4.1,dev
55,8.4,71.1,5850.62,1.0,designer
25,10.0,95.1,8979.76,1.5,engenheiro
50,,63.2,6033.73,1.0,dev
38,7.4,58.7,5035.3,2.0,analista
58,6.5,58.3,5609.35,6.4,dev
46,4.3,44.2,6417.04,5.3,engenheiro
29,4.8,38.1,6068.37,6.9,marketeiro
45,6.5,61.1,6423.24,4.2,marketeiro
38,6.2,50.6,6213.64,3.6,engenheiro
58,6.8,57.3,5062.45,1.6,designer
22,8.2,85.6,4794.42,2.9,designer
32,6.1,52.3,4578.28,6.8,marketeiro
47,8.3,73.3,6136.09,1.8,marketeiro
39,6.1,44.6,7450.22,4.9,engenheiro
47,,72.9,4534.96,1.0,designer
27,7.1,56.4,5239.83,2.9,marketeiro
58,6.3,54.0,4615.66,5.0,designer
20,7.1,71.2,5959.06,4.7,marketeiro
22,6.6,60.1,5590.52,5.0,dev
32,7.2,66.7,3959.73,1.0,analista
47,8.1,70.3,6858.1,2.2,dev
44,,63.6,4911.13,2.5,marketeiro
52,6.4,54.7,5161.0,3.9,analista
57,5.3,31.8,5325.75,5.5,analista
25,7.9,78.4,5658.08,4.5,marketeiro
51,7.5,63.1,5511.04,3.9,marketeiro
40,5.2,37.9,3265.0,7.7,designer
35,8.3,73.3,5745.11,1.7,marketeiro
40,5.2,34.5,4490.51,3.5,engenheiro
30,8.5,73.2,5913.49,4.7,marketeiro
56,8.0,69.8,7442.2,3.6,engenheiro
55,7.6,66.4,4101.61,2.2,marketeiro
54,6.4,55.1,5088.91,5.1,designer
38,7.9,71.1,7411.53,4.3,engenheiro
39,8.6,74.9,57640.200000000004,2.7,dev
37,7.9,71.2,7107.1,2.0,engenheiro
33,6.0,51.2,2539.08,4.1,designer
34,,59.1,7264.79,4.1,engenheiro
50,8.7,73.1,5320.77,2.7,marketeiro
20,10.0,100.0,5493.74,2.8,marketeiro
22,6.7,70.5,5844.18,3.5,designer
35,8.3,79.1,7070.3,1.2,analista
42,8.7,86.3,5883.61,6.0,marketeiro
30,5.8,52.2,7070.58,5.2,dev
31,9.7,99.2,4246.02,2.5,designer
29,5.4,58.5,6910.18,5.8,engenheiro
51,8.2,63.3,6343.41,3.3,engenheiro
35,7.5,68.7,5399.73,3.1,dev
27,7.1,65.9,3645.04,1.0,marketeiro
57,10.0,86.5,5786.62,1.0,designer
31,6.5,61.7,6626.34,4.7,dev
43,6.5,56.8,6126.3,1.0,marketeiro
47,9.0,76.9,6094.62,2.3,designer
27,,75.9,6021.04,3.8,engenheiro
47,8.9,85.9,6320.38,3.3,designer
55,7.2,61.7,6542.06,4.6,analista
45,,68.9,4825.35,4.8,designer
27,9.9,91.7,5898.67,3.7,analista
47,5.7,50.3,4007.49,6.6,designer
47,6.8,53.0,6479.87,4.4,analista
56,8.2,68.3,5314.7,2.7,engenheiro
55,6.7,55.5,5461.21,4.4,marketeiro
46,6.1,45.9,4710.53,4.4,analista
36,7.9,67.9,4632.61,4.8,analista
28,9.0,86.0,5290.26,2.8,engenheiro
52,6.8,58.1,5199.72,3.5,analista
39,6.7,63.7,4943.88,6.0,dev
32,,50.9,6308.37,4.3,engenheiro
47,6.6,56.4,7262.2,2.9,dev
48,8.6,73.3,6759.03,2.5,engenheiro
32,7.1,68.3,7123.02,2.4,analista
54,5.8,53.1,5010.36,6.3,dev
25,7.4,71.4,4545.53,2.1,analista
37,8.6,83.7,5933.5,2.1,engenheiro
24,,56.9,5301.93,6.0,analista
44,5.0,45.3,7857.84,4.5,dev
21,10.0,96.2,5112.96,1.7,dev
29,4.9,38.4,5571.69,4.3,analista
49,6.5,56.0,4280.75,4.7,designer
24,7.3,63.7,6276.54,4.4,engenheiro
52,6.6,67.2,5501.72,4.0,engenheiro
20,6.9,63.2,6151.4,4.0,analista
37,7.9,74.5,5082.03,3.7,designer
51,3.4,23.9,6227.89,6.7,dev
30,5.1,38.8,4922.62,7.0,marketeiro
40,7.1,53.2,3452.27,6.0,marketeiro
45,6.4,58.7,6257.46,3.0,analista
44,7.2,70.9,3452.92,6.2,designer
41,7.3,61.5,3427.19,3.2,designer
46,3.8,20.8,5077.9,9.9,engenheiro
32,8.9,81.1,5493.1,1.7,dev
52,6.3,47.4,5828.42,5.7,designer
53,5.7,43.2,4710.56,6.2,marketeiro
54,7.3,65.4,6978.57,3.0,dev
20,7.2,67.4,5555.99,3.7,dev
40,8.8,75.8,5891.16,4.5,analista
25,7.4,72.0,5459.54,2.9,designer
47,8.7,81.3,6276.44,1.6,analista
36,5.6,47.0,4333.69,3.4,designer
24,7.2,68.0,6217.98,5.9,engenheiro
50,5.3,45.9,4949.71,4.6,analista
24,7.1,68.8,4210.0,5.4,analista
57,6.8,57.1,4989.21,3.2,marketeiro
22,6.8,70.4,5249.1,5.6,analista
42,6.8,62.3,5398.34,5.2,designer
56,8.1,67.6,5286.93,2.6,marketeiro
56,4.6,32.5,6056.1,5.0,analista
29,5.7,47.9,5274.76,4.1,analista
29,6.9,66.8,6051.52,2.8,engenheiro
38,5.2,41.6,51702.5,7.1,analista
36,7.1,61.4,6499.84,4.1,dev
40,6.9,66.5,3779.34,2.2,marketeiro
33,4.9,43.3,5077.33,5.3,dev
28,4.8,48.6,43735.9,5.5,marketeiro
20,3.1,30.6,6288.29,4.0,engenheiro
32,5.2,,5512.93,5.3,analista
23,7.0,65.1,5557.54,4.9,analista
20,7.2,73.3,3616.48,3.3,analista
59,7.3,55.1,3705.23,4.2,marketeiro
51,5.8,50.2,5062.3,5.6,analista
53,7.0,58.9,5482.76,3.4,dev
47,7.6,57.8,5371.07,4.6,analista
50,5.1,41.6,5748.15,7.8,engenheiro
27,,62.3,7159.25,1.4,dev
58,8.0,62.4,36009.8,2.6,analista
45,6.3,53.7,5547.36,8.0,analista
53,8.6,65.7,5647.6,2.9,designer
22,6.3,55.2,5589.49,4.4,marketeiro
31,5.7,63.7,6584.64,4.3,dev
20,7.8,77.6,5908.95,4.9,designer
24,10.0,90.8,6378.71,1.0,engenheiro
-1,7.1,68.5,4346.33,5.0,marketeiro
49,8.0,64.8,4343.71,2.7,dev
36,6.2,52.4,4995.93,3.5,analista
42,5.1,37.2,4936.45,5.3,dev
34,7.2,,6433.9,3.5,analista
56,7.5,70.5,5027.59,2.6,marketeiro
40,6.5,,44502.200000000004,6.1,analista
33,7.9,62.6,5487.63,2.1,engenheiro
21,6.0,61.4,7012.71,4.8,analista
30,5.6,58.2,6355.9,5.7,engenheiro
58,8.6,64.3,4539.81,2.9,marketeiro
57,8.6,76.9,5452.44,3.6,marketeiro
53,6.0,51.0,7282.77,4.1,dev
57,9.6,80.4,6394.94,2.6,engenheiro
53,6.6,48.1,6771.43,5.4,engenheiro
37,7.1,68.8,5981.63,5.1,designer
49,6.9,59.8,3384.24,1.2,designer
34,7.8,72.3,4574.2,3.9,designer
46,7.4,61.8,6275.31,4.9,analista
53,7.4,59.3,4329.46,3.0,designer
57,5.5,31.0,6297.18,4.7,engenheiro
52,4.5,33.1,4390.19,5.2,analista
43,8.7,85.7,5129.46,1.0,marketeiro
34,6.2,50.6,5304.61,5.7,dev
49,6.9,51.9,5287.12,7.5,designer
36,7.5,,5409.47,2.5,marketeiro
24,9.4,92.7,6970.12,1.0,engenheiro
48,7.2,59.9,7904.36,3.8,dev
23,6.4,57.7,6457.77,2.0,marketeiro
29,6.2,57.7,4280.0,3.5,dev
36,6.9,61.5,4567.2,3.8,designer
-1,5.6,55.6,8274.57,3.6,engenheiro
36,7.0,75.4,5671.62,5.4,dev
39,6.9,52.9,6663.31,2.2,marketeiro
43,9.5,92.2,5041.51,2.9,designer
24,6.9,64.5,4779.89,6.1,designer
53,4.1,37.5,5452.96,6.9,marketeiro
25,10.0,98.6,5607.16,1.0,marketeiro
21,,80.5,6602.57,2.9,dev
32,10.0,97.4,7220.96,1.0,analista
30,5.3,44.7,52770.8,2.4,designer
42,6.7,54.4,59292.399999999994,2.8,dev
35,8.0,77.2,6696.38,2.8,marketeiro
50,7.8,,6658.71,1.8,dev
30,7.5,71.8,4690.4,2.7,marketeiro
35,3.7,30.2,7536.45,7.5,engenheiro
27,4.4,27.3,51228.9,6.6,marketeiro
23,9.3,85.3,5308.42,3.4,marketeiro
59,,85.3,3862.91,2.1,marketeiro
23,6.8,61.8,4324.49,4.5,analista
44,9.1,69.3,6599.95,1.2,marketeiro
22,5.5,56.9,6244.56,3.0,designer
51,,48.7,4799.18,4.3,designer
22,5.3,51.3,4353.07,4.1,dev
46,5.7,45.7,4315.69,4.8,analista
48,8.1,73.9,4809.45,1.3,???
51,5.7,56.0,3512.49,6.1,designer
38,10.0,88.7,6952.31,1.0,designer
40,7.7,77.2,8306.48,2.5,engenheiro
24,8.6,83.5,4555.23,2.3,marketeiro
37,7.7,65.6,4977.04,5.0,designer
47,8.8,89.9,5320.3,4.7,dev
41,5.7,50.7,5748.88,7.7,dev
40,9.2,87.1,6817.74,1.0,marketeiro
25,7.2,65.8,6049.49,3.1,marketeiro
20,8.8,80.2,7349.29,1.4,engenheiro
24,4.8,44.4,5011.34,6.3,analista
31,7.3,74.4,7125.81,3.9,dev
45,7.2,61.6,5641.79,2.8,marketeiro
53,6.1,50.0,6072.8,3.8,dev
33,7.5,75.4,5238.35,1.8,marketeiro
45,9.3,82.6,5493.59,1.0,designer
46,6.0,52.9,6024.24,2.8,dev
28,8.4,83.2,4815.07,3.7,designer
45,5.3,43.1,5026.64,7.6,dev
41,10.0,93.3,5102.71,3.2,analista
49,8.2,75.3,5882.83,4.1,engenheiro
-1,9.6,86.7,5149.6,1.0,designer
45,8.0,75.2,5045.25,1.1,marketeiro
55,7.6,62.1,4935.28,1.0,analista
20,8.2,74.5,5561.95,1.9,dev
27,6.8,54.9,5057.28,4.3,designer
54,4.6,32.4,6588.31,4.6,dev
34,7.7,65.8,5978.77,4.0,dev
41,5.9,48.5,5665.88,5.9,dev
33,5.3,49.9,5501.12,4.5,engenheiro
45,8.0,,6250.28,1.2,engenheiro
47,6.6,46.5,5850.37,6.5,marketeiro
42,8.5,73.3,5929.02,2.6,designer
33,5.8,53.9,6082.46,7.8,analista
43,6.3,,6085.42,4.6,analista
21,8.7,79.2,6037.82,2.6,???
45,7.4,71.0,6386.64,1.9,dev
33,4.8,37.9,6265.02,5.3,engenheiro
26,7.4,71.0,4731.17,1.1,designer
22,9.2,86.0,6357.03,1.0,dev
42,6.3,50.1,6423.64,5.7,engenheiro
37,7.9,68.5,7034.72,2.7,engenheiro
57,5.7,49.5,4823.14,4.4,designer
54,6.8,59.0,6568.43,3.0,designer
34,8.6,84.4,4297.97,1.7,designer
44,7.3,66.3,6597.98,5.2,dev
56,8.9,70.1,5218.25,2.6,marketeiro
47,7.6,77.6,5164.99,1.3,designer
29,10.0,96.1,4991.08,2.6,marketeiro
58,,37.5,6377.97,8.6,dev
36,6.7,57.7,5587.14,4.9,marketeiro
58,5.4,47.7,5882.38,6.6,analista
41,5.5,41.1,4951.76,7.2,marketeiro
45,,48.9,4474.2,2.7,designer
44,7.3,53.3,5746.52,6.7,dev
36,7.3,69.6,5390.48,5.1,designer
32,7.6,64.6,3864.75,4.1,analista
39,5.3,46.7,5399.43,5.2,designer
44,6.5,63.1,6887.8,2.2,designer
23,5.6,55.0,5210.01,4.5,designer
29,8.4,84.4,6540.66,3.1,engenheiro
22,5.7,58.2,5243.27,3.2,analista
37,6.7,56.8,5417.63,4.1,designer
55,7.8,70.4,4849.31,1.3,designer
41,6.1,43.9,5354.05,4.3,designer
53,8.0,66.4,5856.29,1.0,dev
27,9.4,95.5,8303.91,1.0,engenheiro
59,7.3,59.1,7236.08,4.2,dev
38,8.4,66.6,6234.63,2.0,engenheiro
56,3.9,37.8,4501.69,5.8,designer
25,6.4,61.4,5402.74,3.4,analista
45,7.3,67.6,5206.77,7.6,marketeiro
53,5.4,38.7,4022.6,6.3,marketeiro
25,7.3,69.5,4173.22,4.6,designer
56,8.6,76.0,7139.61,1.3,dev
52,4.2,27.3,5781.32,7.3,analista
41,,43.1,7004.74,5.1,engenheiro
40,,57.3,4803.55,2.6,designer
25,7.7,70.2,7066.2,6.1,analista
25,8.1,80.9,5696.13,3.6,analista
23,7.2,63.3,7140.24,4.5,engenheiro
49,7.7,76.7,4538.99,1.6,analista
30,8.4,70.4,5871.79,1.0,dev
49,6.4,52.7,5665.58,4.4,dev
50,6.1,47.6,5661.45,3.9,dev
43,6.7,,4309.17,5.0,analista
28,7.3,74.2,6676.85,4.4,dev
22,6.0,50.8,7084.94,4.9,engenheiro
50,6.4,51.8,4682.47,5.7,analista
59,,67.4,4293.7,3.6,marketeiro
56,7.2,61.6,4809.33,2.4,analista
55,6.7,57.1,6752.84,3.9,engenheiro
43,4.4,30.5,4179.58,6.5,marketeiro
50,7.0,59.6,5286.59,5.3,analista
25,5.5,56.1,4982.85,5.3,dev
21,8.5,72.5,6670.91,1.8,designer
39,6.5,54.1,4869.8,5.8,designer
47,5.5,36.6,6468.45,6.0,dev
30,6.9,65.8,5380.96,6.2,designer
23,8.9,90.6,5325.31,2.1,designer
34,7.9,71.7,6001.25,1.4,dev
25,7.3,63.3,5368.87,5.4,dev
49,5.0,35.4,4671.04,4.9,analista
57,9.4,81.4,4915.34,2.2,analista
21,6.1,55.0,4931.08,4.9,dev
34,8.4,81.8,8395.59,2.6,engenheiro
30,6.5,55.8,5059.76,4.1,designer
27,8.3,79.3,6862.64,1.0,analista
45,9.0,79.1,4550.89,1.0,designer
24,8.0,71.2,4266.69,4.7,marketeiro
25,8.1,74.7,5338.07,3.5,dev
45,6.9,61.2,6080.43,6.8,engenheiro
23,6.3,63.5,5181.18,2.7,marketeiro
38,7.2,63.2,5027.47,3.6,marketeiro
39,6.5,51.1,4347.67,6.2,marketeiro
52,10.0,94.6,6489.15,1.0,dev
39,5.5,42.8,5282.67,4.6,analista
31,8.5,80.1,6763.85,2.0,dev
20,7.8,73.6,6780.85,2.4,analista
45,7.3,63.7,4863.71,4.4,marketeiro
33,9.2,83.2,6419.84,1.0,marketeiro
57,7.4,66.2,6545.4,5.9,engenheiro
56,6.0,31.4,3748.64,3.7,analista
30,7.4,74.1,6737.49,1.0,marketeiro
55,,51.7,6593.38,4.2,designer
32,7.8,73.2,7093.11,2.5,engenheiro
22,8.2,79.6,6265.4,2.4,dev
52,5.7,53.1,6079.2,5.4,engenheiro
25,8.8,83.9,4887.62,3.1,designer
29,6.6,56.2,6312.03,6.8,analista
24,7.7,63.8,5943.64,2.3,dev
42,7.9,69.1,7375.82,4.2,dev
29,7.6,59.9,5426.69,4.6,analista
21,6.8,61.0,6085.44,1.0,engenheiro
32,6.3,54.8,4541.08,3.3,marketeiro
59,6.6,50.7,5665.76,2.4,engenheiro
21,9.3,89.5,5753.61,2.3,designer
39,5.7,48.0,3884.88,5.6,marketeiro
20,5.9,53.6,5648.92,5.3,engenheiro
56,5.9,35.2,6088.07,4.7,analista
28,7.2,60.0,4135.8,3.5,designer
36,4.7,43.1,5337.3,5.8,designer
28,5.0,48.1,3071.36,5.0,designer
30,6.6,50.9,6123.45,5.5,marketeiro
34,5.1,39.8,4580.96,4.1,dev
43,5.2,48.7,4228.87,4.2,marketeiro
57,5.1,35.8,6581.36,5.9,engenheiro
54,5.7,45.9,59054.799999999996,4.5,dev
49,8.1,78.4,7391.66,1.1,engenheiro
50,8.4,72.5,5065.31,3.4,dev
24,9.9,91.5,5342.48,1.0,marketeiro
33,9.8,90.9,4869.09,1.0,designer
30,,85.1,4887.78,2.3,analista
28,8.5,82.0,5707.41,1.0,designer
53,7.2,61.5,5876.37,3.7,marketeiro
31,7.8,69.0,5765.15,2.6,dev
54,9.9,91.0,6583.89,1.0,designer
54,7.6,68.1,4592.44,2.6,marketeiro
20,8.7,77.9,7867.76,3.8,engenheiro
59,5.6,47.6,5664.06,5.7,analista
41,6.0,51.1,3786.91,2.2,designer
48,,65.2,7563.29,4.8,dev
27,7.2,62.4,6080.83,4.5,engenheiro
30,6.1,52.7,5954.61,5.4,marketeiro
56,10.0,83.6,5871.26,2.7,analista
33,7.3,60.6,6208.52,3.7,dev
49,6.3,55.4,5752.63,5.4,marketeiro
54,7.2,59.7,5772.16,3.1,marketeiro
40,7.0,55.9,4564.53,5.2,designer
56,7.3,72.5,55128.7,3.8,designer
24,4.6,35.7,5900.34,4.0,dev
38,8.9,87.2,5679.44,3.6,marketeiro
33,9.0,76.3,4981.1,2.0,designer
45,9.2,85.3,5949.31,1.4,analista
23,7.5,69.0,7109.46,2.7,analista
44,8.0,68.0,4983.86,2.5,marketeiro
44,5.7,49.2,5703.12,5.4,designer
37,8.2,75.4,5635.36,1.2,dev
59,7.4,57.9,5163.67,1.3,dev
27,6.3,53.4,8422.2,2.9,dev
58,8.3,63.5,5884.54,3.5,analista
59,8.4,73.3,5553.2,2.4,designer
33,7.1,58.0,5346.78,5.5,designer
51,7.7,66.4,6621.77,3.2,analista
57,5.5,46.1,6017.55,6.5,dev
52,8.9,79.3,6842.3,1.2,dev
42,5.7,44.5,4020.68,4.5,marketeiro
34,5.9,57.2,7144.58,4.7,engenheiro
52,,58.5,4688.01,3.6,designer
44,8.7,71.2,5606.1,2.1,designer
36,8.7,78.1,3799.26,1.1,designer
52,7.0,62.5,6941.07,1.5,engenheiro
21,8.2,74.0,3516.83,3.8,marketeiro
33,4.5,42.5,5916.09,6.8,engenheiro
59,5.9,43.6,4288.94,4.1,dev
59,6.0,44.5,6174.6,5.5,dev
58,8.9,72.0,5134.71,2.1,designer
25,8.0,78.2,5056.95,4.5,analista
25,7.3,67.5,6160.08,1.6,designer
22,7.4,64.9,4756.58,3.3,analista
26,9.4,86.3,4370.21,1.4,engenheiro
27,6.7,46.7,6111.28,4.6,dev
34,5.0,47.4,3797.4,7.8,analista
48,8.6,75.9,5945.81,2.3,engenheiro
52,7.3,50.3,5340.57,5.0,dev
49,,67.2,4369.13,2.5,analista
58,6.9,55.6,4439.33,5.6,designer
46,5.7,41.6,3500.51,6.3,designer
55,7.6,69.0,5165.04,2.8,designer
48,7.0,62.6,5456.69,3.2,engenheiro
57,7.3,63.2,4971.69,4.4,designer
52,9.4,70.8,6192.01,1.0,marketeiro
56,5.4,39.7,6221.28,5.7,dev
46,7.4,61.6,63586.4,3.0,???
52,5.8,42.5,3847.18,5.7,designer
23,3.1,24.5,5494.33,7.1,dev
41,6.9,55.4,4774.94,3.0,analista
21,7.0,67.3,5171.02,5.4,designer
29,7.9,77.4,4788.56,3.3,dev
24,6.7,65.3,5825.89,3.9,marketeiro
29,4.8,41.2,5144.2,6.5,analista
52,5.8,57.3,6825.71,2.3,marketeiro
57,9.0,84.1,7305.66,5.2,dev
32,,,5411.09,5.0,marketeiro
50,9.4,81.3,6120.86,1.0,dev
55,8.6,,5637.92,4.2,dev
43,6.5,61.7,5879.0,3.1,marketeiro
34,5.9,45.2,5494.6,6.5,dev
48,8.6,81.5,6157.91,2.6,designer
27,6.6,60.2,6223.88,1.8,dev
24,4.7,37.7,6392.06,6.4,engenheiro
48,7.8,58.9,6359.7,3.6,dev
23,7.6,70.3,5819.01,5.0,engenheiro
31,,80.8,5394.36,3.1,dev
-1,7.5,79.0,5339.34,1.3,dev
46,6.2,57.3,5898.23,6.0,marketeiro
50,8.9,76.1,4385.38,1.6,designer
55,9.1,81.5,4564.85,4.6,designer
55,7.3,66.6,5929.45,3.0,analista
45,7.1,62.3,4933.38,3.5,marketeiro
46,5.0,38.0,4466.39,4.5,marketeiro
24,,53.4,4428.15,3.9,designer
39,8.1,75.5,3472.58,1.6,marketeiro
30,6.2,57.7,4092.08,6.3,designer
29,4.8,40.9,5758.49,3.8,marketeiro
59,10.0,75.1,5695.05,2.7,dev
57,4.8,,2932.55,7.3,designer
25,10.0,98.1,4665.08,3.1,designer
27,6.5,49.3,6527.9,4.5,engenheiro
42,6.9,,5465.81,2.3,marketeiro
45,6.0,56.1,4806.02,4.4,marketeiro
31,8.2,75.7,4584.86,3.7,designer
45,4.8,42.4,4514.14,5.9,dev
32,4.2,38.6,5874.13,6.8,dev
59,9.4,81.8,6896.82,3.8,dev
37,5.8,43.7,5886.17,5.9,marketeiro
44,8.1,77.2,5769.95,3.1,engenheiro
52,5.4,50.4,5847.73,2.5,designer
59,8.1,62.8,5396.46,1.9,analista
31,9.5,82.0,6751.21,1.1,engenheiro
55,6.2,50.4,5971.01,1.7,analista
23,4.1,33.3,5566.25,4.8,engenheiro
24,9.5,91.3,4637.81,1.1,dev
56,8.4,78.7,5944.89,2.4,marketeiro
27,6.3,46.3,5472.88,5.4,analista
47,6.7,65.2,6190.33,3.7,engenheiro
50,5.3,41.3,5317.63,5.8,marketeiro
28,9.1,88.3,6485.5,1.2,analista
48,6.2,55.5,3622.49,4.6,designer
33,4.9,45.8,6204.95,6.4,???
59,7.3,61.7,3103.66,5.9,designer
41,5.7,50.4,5656.71,4.2,dev
30,5.5,50.0,4451.73,5.4,designer
42,6.4,52.0,5173.48,5.8,designer
20,7.1,58.5,5519.13,1.7,engenheiro
56,4.9,32.0,5142.62,8.9,dev
40,9.1,82.3,2660.99,3.8,designer
45,8.0,67.2,5654.35,1.0,marketeiro
55,6.5,49.6,5173.24,5.0,analista
42,5.6,57.0,4925.48,4.1,designer
20,6.9,69.0,4839.6,3.2,dev
59,8.3,70.4,5374.92,3.3,designer
34,8.1,77.7,6988.13,4.3,analista
40,8.6,75.8,5988.71,1.8,dev
28,6.3,57.7,6886.29,3.8,engenheiro
28,3.0,26.6,4702.63,7.9,dev
29,8.9,80.8,6650.95,3.0,engenheiro
45,6.7,55.1,4600.91,2.7,dev
54,8.0,75.3,6260.18,5.5,analista
44,9.5,89.3,5967.51,1.0,analista
45,10.0,79.7,5220.48,2.9,dev
30,6.0,50.9,4122.19,5.4,designer
57,7.2,56.7,5399.41,4.7,analista
21,9.1,83.2,7487.04,1.1,engenheiro
26,5.7,56.4,7530.34,2.3,engenheiro
37,6.1,54.0,4902.17,4.6,marketeiro
46,6.1,45.0,5083.75,4.8,engenheiro
53,7.0,57.1,5246.71,2.6,marketeiro
46,6.7,60.2,7331.01,5.5,dev
-1,6.1,52.8,4493.72,4.6,dev
43,5.6,43.7,4891.68,4.0,dev
44,8.2,75.0,5614.3,3.6,designer
26,9.0,93.0,5517.26,2.8,designer
25,9.2,89.5,5107.2,1.0,marketeiro
43,6.3,60.7,6586.42,6.2,engenheiro
52,8.3,69.5,7324.8,6.2,engenheiro
48,7.4,63.9,5879.88,1.9,dev
41,6.1,53.1,5147.65,4.4,analista
45,,72.6,5560.32,3.4,designer
47,6.1,53.6,4586.89,8.1,designer
40,6.4,51.8,6690.46,3.4,dev
26,4.9,47.4,6332.18,4.2,designer
36,6.3,47.7,5001.11,3.2,dev
39,7.4,59.3,4089.92,5.5,marketeiro
39,9.4,96.4,7243.56,1.0,engenheiro
41,6.5,53.9,4280.8,3.1,analista
47,5.4,48.7,5188.06,5.6,engenheiro
59,9.2,89.2,5197.92,2.2,engenheiro
26,,,4579.09,6.3,marketeiro
20,4.4,45.4,4654.69,6.2,designer
51,7.2,65.0,5061.73,4.0,analista
32,,66.9,6116.22,3.9,designer
49,10.0,84.3,7817.1,1.0,engenheiro
42,7.7,76.0,7682.88,2.8,dev
38,6.8,56.5,6384.84,4.2,engenheiro
51,5.6,51.2,5715.15,4.4,designer
49,7.5,65.0,6721.67,1.1,engenheiro
48,9.2,86.1,6458.27,1.0,dev
48,7.5,65.3,4805.91,3.4,marketeiro
49,,38.3,2763.86,6.6,designer
35,7.8,55.5,6842.02,5.9,engenheiro
59,6.9,58.5,5801.12,3.7,designer
38,7.7,67.8,3996.66,2.2,marketeiro
37,6.5,59.3,6381.28,3.7,engenheiro
20,6.4,59.1,7179.29,2.7,engenheiro
33,,,4720.76,5.4,designer
21,8.4,81.1,6170.78,5.7,designer
47,6.4,52.8,5680.4,3.4,dev
49,6.3,55.0,4604.74,2.7,marketeiro
57,5.6,42.3,6635.11,6.8,dev
23,7.7,72.7,5843.12,3.6,engenheiro
20,7.5,64.6,4388.9,4.0,designer
27,6.3,57.8,5650.95,6.8,engenheiro
48,5.9,47.4,5296.47,2.8,engenheiro
58,9.8,80.9,5836.36,1.0,analista
22,4.2,47.3,4798.73,5.9,analista
51,7.7,61.8,6817.57,3.4,engenheiro
29,8.9,83.6,3866.38,1.5,designer
29,3.0,20.2,4904.75,10.0,engenheiro
38,8.2,75.8,5678.22,2.3,analista
53,6.7,49.7,5921.61,3.5,designer
52,7.4,67.6,6817.44,3.7,engenheiro
42,6.5,66.9,4732.47,5.6,marketeiro
47,8.6,72.5,4096.37,1.4,marketeiro
51,7.5,71.3,6051.7,3.1,engenheiro
26,7.2,64.9,4939.01,5.2,designer
48,5.7,54.4,4430.54,6.5,engenheiro
27,9.8,100.0,6029.3,1.5,engenheiro
20,7.0,65.0,4884.66,7.4,analista
22,10.0,88.0,5314.05,4.2,marketeiro
43,9.9,95.1,5882.34,1.0,???
42,4.3,36.0,4552.01,3.7,analista
27,6.0,57.3,6763.97,5.8,engenheiro
56,5.4,41.5,5222.96,7.4,analista
22,6.9,60.5,4810.77,3.6,marketeiro
52,7.3,68.2,6038.16,2.8,analista
47,7.3,65.6,5634.27,2.3,marketeiro
27,8.6,73.2,4434.87,1.0,analista
53,9.2,85.2,5452.95,3.5,marketeiro
54,8.5,76.1,6354.36,2.0,analista
51,6.2,49.8,6092.38,5.1,analista
43,5.8,57.8,5163.26,2.0,designer
33,7.0,60.4,4918.63,5.4,marketeiro
51,7.6,65.3,5517.26,4.2,marketeiro
35,6.7,64.1,5807.65,2.0,marketeiro
23,5.0,45.6,5776.69,6.0,dev
56,8.0,62.1,5614.51,3.1,analista
40,6.4,57.0,4855.67,3.7,marketeiro
33,6.4,55.0,4755.43,1.0,dev
50,6.9,63.5,4812.5,2.9,designer
37,6.6,59.8,4554.67,4.6,marketeiro
26,6.5,59.8,4557.49,3.5,marketeiro
29,,39.8,6743.42,5.3,dev
26,6.8,62.0,6190.74,6.2,analista
52,8.1,75.0,3770.12,2.7,designer
-1,7.4,61.7,4257.4,1.0,marketeiro
40,8.4,,5350.04,2.3,analista
38,5.9,46.8,4189.34,5.1,designer
38,5.1,37.3,6313.58,4.5,engenheiro
55,6.6,54.9,5328.45,5.4,engenheiro
48,6.1,52.1,5547.66,2.5,designer
37,6.2,64.9,5938.51,4.1,dev
21,7.3,66.7,4728.07,1.3,designer
20,6.2,58.2,4861.59,4.0,designer
24,5.1,40.2,5268.97,6.7,dev
39,6.2,56.9,4228.63,4.3,dev
30,7.5,71.1,55759.1,3.0,analista
21,8.0,83.3,5493.12,2.8,analista
22,8.0,81.1,5452.63,2.9,dev
42,7.6,69.7,7423.81,4.3,engenheiro
31,6.7,58.9,6919.47,5.1,engenheiro
39,7.6,69.3,6990.54,5.4,designer
24,6.9,64.0,5828.01,4.1,marketeiro
56,7.2,65.3,4464.2,1.2,designer
57,5.6,48.6,4004.99,6.4,designer
49,7.1,59.4,4695.2,5.9,marketeiro
28,7.6,62.8,5408.25,7.1,dev
53,7.5,71.2,6654.78,5.5,engenheiro
54,,42.8,3410.91,4.9,designer
41,7.1,61.6,56425.299999999996,4.0,marketeiro
43,4.8,42.5,5209.8,5.4,analista
36,7.3,65.8,5412.66,3.0,designer
29,5.9,60.3,5488.78,4.5,engenheiro
49,9.6,76.1,6339.39,3.7,dev
42,7.2,61.4,5960.38,1.4,designer
51,8.2,79.8,4508.79,1.2,designer
36,10.0,95.6,4923.96,2.9,marketeiro
36,5.8,59.4,5960.6,7.0,analista
33,7.7,63.8,4682.15,2.4,analista
28,5.2,52.0,5592.96,7.8,dev
59,7.5,68.4,7707.1,4.8,engenheiro
21,9.6,83.9,5559.22,1.2,dev
44,6.1,50.3,5990.12,1.1,???
58,5.7,44.6,4400.05,2.6,designer
28,6.9,54.9,4427.06,3.1,analista
41,10.0,90.4,7339.37,2.3,engenheiro
23,8.2,81.3,5506.17,3.8,marketeiro
45,5.6,45.5,6192.62,4.4,engenheiro
48,9.2,83.4,4636.57,1.6,designer
53,4.5,35.8,4817.68,6.1,???
42,10.0,91.5,5218.98,1.0,engenheiro
56,8.3,68.1,6696.82,3.1,engenheiro
30,9.6,93.7,6644.01,1.3,marketeiro
25,,32.3,3072.87,3.7,designer
37,7.3,65.2,6152.35,3.3,engenheiro
40,6.8,66.9,4504.07,3.9,marketeiro
55,5.5,41.7,3416.03,6.8,designer
57,5.1,35.5,3090.55,4.5,marketeiro
53,7.8,70.6,4314.84,3.5,marketeiro
36,7.9,72.6,6394.85,3.9,engenheiro
56,8.9,82.0,6149.71,1.9,designer
44,6.2,53.8,5089.45,1.9,engenheiro
57,6.8,44.5,5903.53,5.9,dev
31,4.9,49.0,5910.15,6.7,dev
42,9.3,95.1,6763.5,1.9,designer
41,7.1,69.3,5695.78,3.7,marketeiro
40,8.1,55.1,6830.05,1.0,engenheiro
46,8.1,74.4,7175.8,4.0,engenheiro
50,9.2,79.6,4453.91,4.2,designer
25,5.8,47.1,4248.36,3.4,designer
46,8.0,71.9,6971.66,4.9,dev
59,7.0,57.1,3715.56,5.7,analista
53,10.0,91.9,4833.3,1.0,designer
31,5.7,51.6,4208.86,4.4,analista
26,8.8,76.8,5338.91,1.0,designer
29,,66.6,4861.29,3.3,marketeiro
36,7.4,63.6,5654.45,4.2,marketeiro
45,7.1,53.2,5711.22,2.0,dev
40,9.0,75.3,4893.25,2.8,dev
47,7.4,63.5,4252.64,4.5,analista
21,4.7,50.1,4745.95,6.7,designer
20,8.8,81.6,6107.31,2.9,engenheiro
55,8.6,70.8,5635.23,1.0,dev
45,7.9,63.9,7209.24,3.0,engenheiro
48,5.3,43.6,6761.61,5.9,engenheiro
40,5.5,53.3,6237.68,7.2,designer
30,4.2,45.9,4934.71,6.2,analista
59,7.7,66.5,4485.06,3.9,designer
30,5.0,44.5,6001.4,4.2,dev
55,4.4,30.5,5508.88,4.6,engenheiro
58,8.9,75.6,4712.18,1.0,designer
59,8.2,72.9,4931.35,2.2,designer
54,6.5,52.6,6111.62,7.5,designer
53,6.8,,6411.84,3.5,dev
43,3.4,25.2,5524.5,7.7,analista
41,8.4,,6375.24,3.5,designer
24,6.0,54.4,6538.54,3.1,dev
52,7.5,54.5,5411.74,3.0,engenheiro
55,3.3,24.4,5276.14,8.2,marketeiro
39,8.5,88.6,7140.74,2.9,dev
38,5.9,48.3,5446.7,1.9,marketeiro
54,4.9,40.4,4450.07,6.6,designer
36,6.5,62.0,5366.52,3.4,designer
53,6.1,56.9,5836.64,3.8,dev
28,8.6,79.2,4605.42,3.0,marketeiro
45,6.4,45.7,4101.46,6.9,designer
21,9.0,87.6,7376.61,1.6,engenheiro
28,7.5,70.0,4825.27,5.1,analista
28,8.3,,4992.06,1.0,analista
59,7.0,57.5,5465.21,4.1,designer
36,8.9,82.6,5546.02,1.3,marketeiro
20,5.3,50.5,5219.32,5.7,designer
44,7.2,64.5,4184.34,3.2,marketeiro
59,6.4,51.2,6707.02,2.5,engenheiro
44,9.1,84.1,4933.04,1.0,marketeiro
58,9.2,79.5,4378.4,1.0,designer
54,7.0,62.4,6031.97,1.9,engenheiro
22,5.1,43.1,6736.0,6.3,dev
56,7.6,65.6,5192.01,3.0,analista
49,4.5,27.1,6167.79,6.7,designer
57,9.4,81.1,3567.4,4.5,???
53,6.3,55.1,3590.08,4.1,designer
31,7.0,58.2,7431.94,4.9,engenheiro
38,6.0,50.6,7019.26,4.8,dev
56,5.6,33.2,4007.95,9.5,marketeiro
36,,67.0,6060.4,1.0,dev
29,6.8,56.3,6914.08,3.1,engenheiro
31,7.1,64.9,4790.69,4.7,designer
35,5.5,49.6,5364.02,4.0,analista
43,8.3,74.0,5118.16,3.6,designer
38,8.4,74.9,4137.65,2.5,marketeiro
27,6.7,59.6,5117.83,5.4,analista
50,8.9,82.6,5248.88,1.0,designer
40,6.8,61.5,5505.03,4.2,analista
36,,72.8,4707.99,3.5,dev
42,4.6,43.7,6758.79,6.1,engenheiro
56,7.5,73.9,5211.36,3.5,designer
35,6.6,52.7,4146.18,6.1,marketeiro
25,7.2,69.9,7488.43,1.0,dev
27,7.2,81.7,4948.38,3.5,designer
44,7.2,64.5,5741.98,1.9,dev
37,7.9,72.4,5799.56,4.1,marketeiro
44,6.2,52.4,6293.86,3.4,designer
31,,74.8,5866.64,1.0,marketeiro
34,,85.5,6442.82,3.3,analista
45,4.9,33.6,3903.06,5.5,marketeiro
45,5.8,49.2,5306.96,5.5,analista
51,5.9,37.4,4134.81,7.3,designer
29,5.4,46.8,5764.89,5.9,analista
35,6.3,51.4,5408.06,4.8,designer
26,8.5,82.0,6536.47,2.3,designer
36,9.2,,4916.8,1.0,engenheiro
42,7.2,60.6,4405.0,3.5,designer
45,6.5,61.0,6454.74,7.2,analista
40,8.2,70.7,5438.71,2.3,engenheiro
41,,20.0,6444.52,6.9,engenheiro
26,,,5661.1,7.1,designer
33,3.5,25.6,4561.97,4.7,marketeiro
34,5.4,46.3,3757.1,6.2,marketeiro
26,5.8,49.6,6147.47,2.5,engenheiro
28,9.2,96.4,6613.5,2.2,designer
27,3.0,20.0,5731.21,7.5,marketeiro
42,6.4,69.5,5209.06,5.1,designer
48,7.9,67.7,4234.31,1.6,designer
37,7.6,69.7,7935.89,2.5,engenheiro
50,9.2,79.1,7342.52,3.0,engenheiro
49,7.2,59.5,5163.78,3.0,dev
58,7.6,60.1,5375.37,4.6,marketeiro
54,4.2,34.6,4956.83,6.7,marketeiro
37,5.5,40.7,4301.39,4.7,marketeiro
58,4.3,33.5,5280.69,5.8,analista
36,7.9,60.5,5791.95,3.3,designer
33,,70.0,63129.700000000004,3.0,engenheiro
50,7.5,68.9,6200.85,4.5,marketeiro
43,5.7,41.8,4222.8,4.6,dev
54,5.5,48.0,6694.61,4.3,marketeiro
53,7.3,62.8,4987.86,5.0,designer
22,6.0,63.6,5811.69,3.9,designer
56,5.5,,6263.16,4.6,engenheiro
59,6.2,64.7,4810.99,1.0,analista
45,6.0,39.1,6057.92,3.5,engenheiro
42,5.7,47.0,3376.7,3.8,marketeiro
58,5.2,31.5,6023.52,4.9,dev
34,7.7,79.2,6842.8,2.0,engenheiro
23,9.3,87.4,5658.24,3.2,analista
48,6.9,59.0,6986.51,2.8,engenheiro
41,7.3,67.4,5040.31,2.5,designer
44,7.8,69.2,5723.79,3.4,marketeiro
32,7.5,66.1,5961.8,1.7,marketeiro
37,5.7,43.6,4414.81,7.5,marketeiro
52,9.6,86.2,4825.28,2.8,marketeiro
35,5.9,53.5,3624.97,3.1,marketeiro
21,8.0,79.0,5483.02,4.4,marketeiro
54,7.8,76.7,6512.43,4.8,dev
53,4.1,20.0,3741.11,5.0,analista
49,6.5,54.5,6153.48,2.6,marketeiro
32,7.1,70.4,4898.25,2.7,analista
32,7.2,65.0,3491.82,1.5,marketeiro
37,7.5,55.4,7527.32,2.5,engenheiro
51,8.1,64.7,3592.23,2.4,marketeiro
51,7.0,61.3,5691.29,4.6,designer
54,7.5,66.0,6566.6,3.5,dev
58,6.9,61.1,6671.97,3.7,engenheiro
48,5.5,41.2,5700.3,4.6,engenheiro
48,7.0,62.2,5335.02,1.9,designer
35,8.1,,6081.39,3.8,marketeiro
29,8.7,82.1,5443.33,3.1,dev
49,7.8,68.5,7308.99,2.2,engenheiro
44,9.0,77.1,6901.36,1.0,dev
58,7.6,72.5,6821.55,5.5,engenheiro
39,8.3,66.6,4769.07,3.2,marketeiro
24,8.4,78.6,7426.66,3.1,engenheiro
20,6.7,58.4,6783.18,4.8,engenheiro
49,8.1,80.3,4891.15,1.0,analista
22,5.6,54.5,4723.35,7.2,marketeiro
33,7.5,65.4,5636.25,2.8,designer
49,,67.5,5103.52,4.4,designer
23,8.6,90.5,6425.88,4.4,marketeiro
37,8.2,70.2,4779.38,3.0,designer
56,8.6,65.9,4389.18,1.0,marketeiro
44,6.9,61.2,6672.35,1.0,designer
20,6.5,62.4,4091.09,4.2,analista
34,6.6,62.4,4536.23,4.5,designer
28,7.4,71.8,6800.16,2.5,engenheiro
34,4.3,44.9,5662.7,6.3,marketeiro
43,9.0,72.8,6608.94,2.9,dev
23,7.1,60.0,7749.67,5.3,dev
31,6.4,60.9,5019.21,4.0,marketeiro
56,3.2,20.0,4101.61,7.3,analista
56,6.9,51.0,4588.72,3.9,designer
25,6.7,71.4,5314.3,3.9,analista
58,5.7,36.8,5498.03,4.5,dev
43,6.0,49.5,4157.23,4.0,marketeiro
30,7.0,63.3,5776.8,3.2,marketeiro
32,6.1,61.3,5716.5,4.7,analista
53,7.9,58.6,4368.41,2.1,analista
44,5.9,52.0,5555.1,4.2,designer
26,7.2,62.7,5790.82,6.4,engenheiro
23,8.8,86.2,5847.33,3.5,engenheiro
27,6.9,59.5,4962.62,2.5,designer
39,7.5,75.4,5224.74,4.5,engenheiro
48,7.4,60.3,6375.88,4.5,dev
29,7.0,52.0,4009.08,3.9,engenheiro
53,6.9,54.5,3993.27,3.0,designer
45,6.1,51.1,7526.95,3.4,engenheiro
22,7.2,73.3,4749.83,3.8,marketeiro
25,6.6,54.5,4907.62,3.0,analista
24,9.3,82.2,7251.9,3.5,dev
24,8.2,82.2,4798.26,4.7,marketeiro
42,4.8,32.9,5304.73,5.9,marketeiro
28,4.9,42.5,5577.57,7.4,designer
54,6.8,56.4,5729.57,3.5,analista
39,6.4,57.4,4204.46,3.3,analista
54,6.7,52.7,5307.35,5.9,dev
37,8.0,67.7,7186.88,5.4,designer
36,7.5,69.2,5645.74,6.3,dev
43,,61.5,8811.63,4.0,engenheiro
22,9.2,80.5,6774.57,3.3,marketeiro
51,4.9,45.1,6091.84,6.1,dev
54,7.2,63.2,5385.78,5.8,marketeiro
57,,58.8,4509.42,5.2,designer
32,9.2,89.1,6764.64,3.0,engenheiro
44,3.7,21.7,3774.81,5.3,designer
28,3.8,32.4,5935.09,6.4,engenheiro
23,7.5,64.9,5383.62,4.7,engenheiro
33,8.7,72.0,4147.93,3.6,marketeiro
56,8.2,68.2,6063.25,4.3,designer
53,5.8,52.3,3494.55,5.1,designer
30,9.3,88.0,7028.47,1.0,dev
22,5.2,40.2,3087.1,5.5,designer
47,9.0,77.8,6670.72,2.2,dev
48,5.4,43.2,4981.89,5.8,analista
28,6.5,50.7,6317.21,3.0,analista
22,8.0,78.8,5415.73,2.5,analista
44,4.8,38.1,2963.32,5.7,designer
53,9.2,74.5,4966.81,1.0,designer
31,6.5,51.2,5895.65,5.7,dev
28,7.2,72.0,6473.85,3.8,engenheiro
34,8.7,78.7,6641.02,2.7,dev
-1,5.8,52.3,4832.31,4.1,analista
44,8.6,85.0,5263.87,3.2,dev
24,9.5,94.9,6124.08,1.0,engenheiro
30,6.0,51.5,4359.87,3.7,designer
53,9.1,67.5,5592.29,3.3,dev
43,4.4,36.6,6973.24,6.8,analista
34,7.6,79.5,6696.61,1.2,analista
57,5.2,40.0,5149.28,8.0,designer
27,8.4,68.8,6388.65,1.6,dev
24,8.3,,6860.8,2.5,engenheiro
45,10.0,90.1,5595.22,3.8,designer
37,9.1,78.4,6307.07,1.0,dev
25,6.8,49.7,4977.5,1.7,marketeiro
56,5.4,42.1,3457.78,6.1,analista
32,7.8,68.2,6227.11,1.0,engenheiro
47,6.9,68.6,6336.05,1.0,engenheiro
24,9.3,89.0,6235.41,3.5,engenheiro
32,3.8,33.5,4556.91,6.1,analista
36,10.0,92.2,6623.67,4.5,dev
59,7.8,,5613.8,1.7,designer
51,5.8,39.3,5829.54,4.7,dev
48,,66.2,5587.09,3.8,designer
22,8.9,90.5,7465.65,2.6,engenheiro
59,7.2,61.0,5674.67,3.4,dev
53,4.4,30.9,6384.25,5.4,engenheiro
59,6.6,56.2,3646.25,4.6,marketeiro
46,8.6,78.9,6376.34,4.5,engenheiro
32,7.7,81.0,6313.59,4.1,engenheiro
52,6.8,58.1,6096.08,3.2,designer
25,9.0,79.3,5659.35,1.0,marketeiro
43,8.1,71.9,5511.1,1.8,engenheiro
38,8.2,77.7,7140.91,1.0,engenheiro
35,6.4,61.8,5855.11,4.5,marketeiro
59,6.2,42.5,4765.98,6.0,marketeiro
47,4.5,36.4,6097.74,6.1,dev
52,6.6,51.2,2771.78,6.9,???
32,8.4,74.8,3162.51,5.3,marketeiro
44,6.7,62.4,4192.58,4.5,marketeiro
55,7.7,69.4,5660.45,4.3,analista
46,8.7,74.1,6536.89,1.1,marketeiro
57,7.6,63.4,4049.91,2.9,designer
26,7.7,69.2,5854.72,5.1,engenheiro
24,5.0,59.3,6460.25,4.5,???
50,6.5,56.6,5954.44,6.5,engenheiro
42,9.6,83.3,6310.18,3.3,engenheiro
29,7.2,72.4,5248.34,4.7,analista
51,9.8,95.0,6677.41,1.0,marketeiro
49,5.9,58.3,7267.58,4.2,engenheiro
58,7.4,72.3,6104.01,4.4,dev
50,6.4,57.8,7690.56,2.9,engenheiro
37,7.9,69.7,5653.18,2.8,marketeiro
55,8.3,71.4,7494.3,3.9,engenheiro
-1,,73.4,4912.21,2.1,analista
33,8.6,77.0,4632.19,1.2,designer
32,7.0,69.6,4512.53,1.0,designer
48,6.7,57.5,4993.81,3.6,marketeiro
31,4.4,42.3,4682.19,7.3,designer
58,8.0,71.4,5329.73,1.7,designer
21,7.3,62.9,7521.83,3.7,dev
51,6.9,50.2,5529.95,3.8,marketeiro
32,6.7,54.6,4606.48,3.2,marketeiro
46,6.9,58.1,4869.08,5.2,designer
36,6.6,59.9,6102.88,6.6,designer
59,6.2,47.0,5331.07,6.2,designer
50,7.4,67.1,6700.06,2.5,analista
53,7.7,64.0,60742.1,6.3,engenheiro
43,5.8,51.1,4697.56,6.4,analista
54,6.4,53.8,4449.02,3.8,marketeiro
25,6.7,70.6,5737.45,2.7,dev
38,7.0,57.6,5513.31,5.6,engenheiro
49,6.8,69.3,6275.94,4.1,dev
26,8.0,71.7,5525.77,1.7,marketeiro
29,4.5,32.7,5761.74,6.0,marketeiro
51,4.8,36.6,4140.64,5.3,dev
53,7.3,78.5,5422.26,2.1,dev
47,6.1,56.0,6485.0,6.1,dev
34,8.3,79.5,5538.96,3.8,marketeiro
49,8.8,81.7,5261.69,3.5,designer
56,7.4,58.5,6887.96,4.9,dev
48,5.4,46.0,5381.3,3.9,engenheiro
41,8.6,77.6,4781.49,1.5,marketeiro
23,7.3,77.4,4984.22,5.5,analista
39,4.8,39.4,3479.96,6.0,analista
51,4.9,36.9,6160.22,3.6,engenheiro
55,9.3,75.9,4720.67,2.3,designer
23,9.0,86.4,5709.19,2.9,dev
46,3.2,24.5,3836.87,8.0,marketeiro
36,5.0,36.4,5532.18,4.4,dev
31,8.7,83.2,4808.85,5.1,marketeiro
41,7.0,62.7,5617.58,1.6,analista
36,8.1,78.4,6543.27,3.0,dev
29,6.9,69.3,6304.33,6.4,engenheiro
20,8.0,76.3,4854.36,3.8,designer
41,7.0,56.7,64989.799999999996,5.2,engenheiro
45,6.3,50.3,47311.6,3.0,designer
37,,87.3,7373.5,2.8,dev
33,7.3,67.3,6263.49,3.5,dev
48,,78.9,6060.22,1.1,designer
31,7.2,68.7,6018.23,4.9,analista
55,6.3,55.5,3977.37,3.3,marketeiro
54,9.4,88.0,6373.68,1.0,engenheiro
31,7.5,63.0,6406.65,4.1,engenheiro
26,6.5,61.0,7109.89,4.0,engenheiro
48,8.9,73.4,7643.1,2.5,dev
30,5.0,42.8,5754.13,5.3,engenheiro
52,10.0,92.8,5636.22,3.3,marketeiro
25,6.7,57.2,5697.72,2.8,marketeiro
34,5.1,47.0,4658.39,4.8,designer
51,9.9,80.9,7528.74,2.2,dev
30,6.3,62.8,4063.31,2.8,marketeiro
42,7.4,61.9,5971.31,2.1,analista
45,8.1,66.6,6534.02,3.2,dev
53,8.8,70.0,6971.42,3.8,dev
53,7.4,61.0,5164.64,5.1,marketeiro
48,6.0,41.2,5830.5,5.1,analista
23,7.3,65.9,4789.83,2.5,designer
36,6.4,62.0,4489.0,4.7,marketeiro
54,,,4672.11,4.4,analista
32,9.4,82.1,5078.9,2.1,dev
58,8.1,70.9,5209.97,4.7,analista
34,7.3,67.0,6254.03,2.0,dev
48,8.1,81.3,5252.4,1.7,marketeiro
48,8.2,76.5,5505.95,4.4,marketeiro
30,5.4,49.4,7228.3,3.0,engenheiro
51,7.1,65.0,6060.28,2.9,engenheiro
21,10.0,95.1,8799.16,1.0,engenheiro
33,8.8,81.2,6022.42,1.0,marketeiro
39,6.2,62.9,4786.61,4.1,designer
41,6.1,44.6,4692.93,6.0,marketeiro
30,6.0,59.3,4582.87,4.8,analista
46,8.3,73.2,5278.04,3.9,marketeiro
22,9.4,88.3,3794.58,3.4,marketeiro
36,7.9,68.8,7036.13,2.5,dev
47,7.2,63.7,3702.6,7.6,dev
48,6.3,53.5,5836.2,4.0,dev
40,7.5,64.9,4257.82,3.1,marketeiro
35,5.8,47.2,4146.83,4.0,designer
56,4.1,20.2,4345.83,7.5,analista
39,9.5,83.1,7287.5,1.3,analista
25,5.5,47.4,3827.67,5.1,designer
38,6.5,58.3,5605.66,4.0,designer
24,8.0,84.9,6701.23,2.4,analista
22,9.2,84.0,4889.82,2.2,engenheiro
20,7.4,64.7,5478.79,2.9,dev
57,5.2,37.1,6744.4,5.0,dev
34,6.5,59.4,4339.88,5.8,analista
53,,52.2,5741.11,4.3,designer
54,6.9,62.3,6419.74,4.5,engenheiro
44,8.8,83.8,5708.4,1.0,analista
43,3.2,28.2,5478.37,6.5,dev
31,6.4,56.2,5317.58,2.6,marketeiro
37,6.3,65.6,4219.56,7.1,designer
34,5.1,42.6,4630.29,7.6,marketeiro
35,7.9,72.3,5881.41,3.9,analista
46,4.9,46.1,5832.33,8.9,dev
27,5.1,47.9,6498.39,6.7,engenheiro
44,8.3,62.8,4566.48,2.7,marketeiro
36,9.3,85.3,7285.89,2.4,engenheiro
48,6.9,63.6,6054.71,5.9,dev
27,5.2,39.6,3529.77,4.3,marketeiro
34,5.9,,5920.46,3.0,engenheiro
46,8.5,77.9,5951.66,3.1,???
26,7.2,72.5,4560.29,2.6,marketeiro
22,6.8,60.6,5528.19,1.0,dev
48,7.5,70.1,7041.91,1.5,engenheiro
43,6.9,61.6,4923.06,3.4,analista
22,9.3,97.6,5844.29,1.6,marketeiro
39,5.9,64.9,5022.33,4.7,designer
34,5.7,57.9,4245.74,7.9,designer
44,4.9,42.9,5366.91,5.4,dev
49,6.2,63.7,6147.46,4.8,analista
33,5.4,50.0,6370.41,2.8,engenheiro
26,7.3,63.5,5392.03,3.6,designer
36,7.0,62.9,6961.76,4.3,dev
39,5.4,49.8,5595.28,3.2,analista
55,7.9,72.0,4042.95,1.6,analista
28,9.3,81.5,6439.37,2.6,dev
57,7.5,58.5,5383.01,2.7,dev
41,,21.9,7277.36,7.2,engenheiro
21,,98.3,6793.61,1.9,dev
43,8.1,75.9,6160.8,5.9,engenheiro
27,9.9,94.7,7373.0,1.0,engenheiro
30,8.6,76.2,5415.46,5.1,marketeiro
32,,91.6,4500.27,1.0,analista
36,,60.5,6098.23,3.9,analista
27,6.6,67.2,51832.299999999996,3.5,analista
40,7.6,71.3,6405.94,2.5,marketeiro
37,5.9,58.4,6276.0,5.7,engenheiro
49,7.7,64.5,7618.73,3.0,engenheiro
37,3.1,22.5,5677.19,4.4,dev
50,7.1,60.9,5893.09,1.5,marketeiro
57,9.0,76.4,5752.37,3.2,dev
51,7.1,62.3,5417.52,1.3,marketeiro
30,9.6,97.8,5086.13,2.5,dev
44,6.6,50.8,4659.77,4.5,designer
52,8.5,71.4,4382.68,2.4,analista
57,5.7,41.6,4209.58,5.1,analista
27,8.4,78.6,5965.72,3.3,engenheiro
30,7.3,66.8,5530.51,1.8,designer
41,6.7,62.4,5317.59,4.1,analista
43,3.1,23.0,5869.55,5.6,engenheiro
36,6.6,60.5,4767.81,4.4,designer
31,7.3,69.0,6399.49,4.5,analista
51,8.2,73.5,6105.1,3.0,dev
34,9.3,90.1,5751.03,2.6,marketeiro
35,10.0,92.4,4929.62,1.0,designer
41,8.9,88.7,7750.42,1.9,engenheiro
47,6.2,64.9,5952.66,4.0,designer
39,6.5,61.2,6387.88,3.7,engenheiro
52,8.1,71.8,4609.92,1.7,designer
29,7.8,75.1,5333.98,2.4,engenheiro
59,9.4,77.1,4961.92,1.0,analista
51,10.0,90.7,4626.84,1.0,dev
52,10.0,85.9,5060.64,1.0,analista
21,9.2,90.8,6646.96,2.7,dev
52,7.8,63.9,5417.98,3.6,analista
52,9.0,78.1,7530.35,1.0,analista
32,9.5,79.2,4890.58,1.2,designer
49,6.8,52.1,4622.56,5.3,marketeiro
52,6.2,53.4,7150.98,3.9,engenheiro
32,5.8,47.7,4674.62,2.8,engenheiro
45,5.7,53.2,5112.18,8.3,engenheiro
41,4.9,36.3,6075.58,5.6,dev
58,7.4,64.4,6309.88,1.8,engenheiro
21,5.5,47.0,6066.92,5.5,engenheiro
57,5.8,,3981.9,4.8,designer
58,8.1,61.2,5610.49,1.0,analista
45,7.3,61.5,5775.45,3.8,engenheiro
34,7.6,65.4,5239.39,4.8,marketeiro
53,,84.3,5837.61,1.6,engenheiro
59,8.3,73.5,5956.27,1.0,dev
30,9.3,80.6,7829.2,2.4,dev
22,7.1,,5646.81,4.6,dev
25,9.4,85.3,6674.32,1.0,engenheiro
28,7.5,74.5,4956.19,2.4,designer
25,7.3,73.9,5447.95,6.8,marketeiro
28,9.2,79.1,7061.24,1.0,engenheiro
58,5.7,49.5,4947.56,3.3,designer
50,10.0,85.9,5511.71,1.3,designer
51,6.6,54.3,6169.89,5.2,engenheiro
31,5.2,45.7,6265.58,6.3,engenheiro
27,8.0,83.5,5081.12,1.0,designer
27,6.4,53.9,3358.93,3.4,designer
47,10.0,94.8,7526.1,2.8,designer
39,6.4,49.8,6830.27,5.0,engenheiro
26,7.5,63.3,4166.25,1.6,designer
30,4.9,42.8,5825.42,7.6,dev
39,8.2,74.5,5540.62,4.2,engenheiro
35,5.8,37.2,5162.3,4.7,dev
23,8.0,81.6,4538.38,4.1,analista
25,6.4,47.9,6177.24,7.6,engenheiro
41,3.9,30.4,3690.41,5.1,analista
45,7.2,69.6,5354.83,4.4,designer
22,7.1,77.9,5714.91,6.4,designer
33,8.3,74.8,4660.43,3.7,marketeiro
30,,,5331.34,1.0,designer
37,9.9,97.7,5262.11,1.5,analista
31,8.3,81.1,5625.71,4.6,designer
42,7.4,63.3,5899.12,2.0,engenheiro
31,4.9,39.3,5220.85,5.8,designer
32,7.3,63.0,3696.38,3.3,marketeiro
44,,62.7,4136.54,2.7,designer
38,6.7,61.0,4527.96,4.5,analista
55,,65.7,5647.65,3.0,analista
27,8.7,,5632.53,3.3,designer
48,5.8,51.3,5494.46,6.6,analista
51,5.7,39.9,4690.99,3.3,analista
37,6.8,58.6,2843.39,4.2,marketeiro
25,6.1,47.4,6241.84,4.7,engenheiro
37,4.5,38.5,54082.9,6.4,marketeiro
38,5.5,37.8,7710.72,5.4,dev
41,,47.8,4576.96,4.0,marketeiro
56,8.8,70.4,4523.05,4.6,designer
51,9.6,76.5,6903.4,4.6,engenheiro
22,5.4,47.4,4505.33,6.1,designer
47,7.8,77.3,7180.5,3.9,dev
29,8.3,80.9,6066.33,2.8,engenheiro
54,4.8,27.2,4708.99,7.6,analista
48,7.2,,5742.46,1.0,marketeiro
34,10.0,91.2,5615.02,1.2,designer
52,8.0,80.9,7143.2,1.9,dev
26,6.6,56.4,4997.13,4.4,analista
31,6.2,50.7,5971.77,6.3,marketeiro
49,4.0,37.5,3731.43,6.5,analista
40,7.7,70.0,3951.43,2.7,marketeiro
50,9.9,94.5,7940.47,1.0,engenheiro
43,5.8,45.6,5189.3,4.9,analista
39,4.1,32.7,5726.52,7.5,analista
56,6.0,55.4,5410.8,3.4,analista
23,8.3,77.9,6662.86,1.0,engenheiro
47,6.4,59.8,4834.4,7.8,dev
39,5.8,51.8,4955.97,5.4,marketeiro
43,7.0,56.5,6436.62,3.6,analista
51,7.3,63.2,6492.8,5.7,engenheiro
55,,43.1,6191.88,5.9,dev
53,6.7,59.5,5615.82,6.1,marketeiro
55,6.3,51.3,5459.93,6.5,engenheiro
21,6.0,46.7,5586.62,2.9,marketeiro
34,5.5,39.0,4833.48,6.1,analista
53,,65.6,5776.31,5.4,dev
55,6.0,46.8,7879.89,3.3,engenheiro
25,4.0,33.2,5975.7,5.1,dev
58,7.4,55.0,4814.01,2.5,analista
31,8.1,79.8,6248.49,4.1,dev
22,,47.3,5739.41,5.4,dev
37,6.2,47.4,6059.16,1.8,designer
59,6.0,48.9,5765.15,5.3,dev
40,6.5,61.7,6891.44,3.9,marketeiro
34,8.7,90.1,5813.77,2.0,engenheiro
52,6.8,60.8,4886.15,2.7,designer
-1,8.3,79.7,60851.1,3.1,engenheiro
45,5.5,40.4,5710.25,6.9,engenheiro
27,6.4,69.6,5166.15,3.1,analista
55,8.4,64.0,4891.0,1.0,analista
49,5.8,45.6,6068.09,4.6,designer
42,8.5,79.6,6831.83,3.6,analista
33,6.1,45.9,5511.34,4.2,analista
33,6.5,53.9,49296.2,2.1,analista
21,9.5,85.4,6234.76,2.8,engenheiro
56,6.3,50.7,5354.12,6.7,designer
24,7.2,74.5,6857.44,3.5,engenheiro
57,7.9,67.9,5103.1,1.0,marketeiro
33,7.3,64.5,6900.19,3.1,engenheiro
58,7.4,47.8,5629.92,4.1,marketeiro
44,6.9,62.7,5817.05,2.7,dev
39,5.0,46.6,5069.39,6.4,dev
21,7.5,62.5,4080.97,2.1,marketeiro
58,5.9,47.1,5106.68,5.0,marketeiro
25,8.2,77.6,8397.82,2.4,engenheiro
36,9.1,88.2,4634.53,2.8,marketeiro
44,4.3,30.5,5336.97,6.4,designer
47,9.1,76.8,5612.01,1.8,dev
21,6.4,57.4,5481.05,3.2,dev
54,6.8,63.7,5886.81,4.0,marketeiro
56,5.6,50.3,5050.79,4.7,analista
24,7.3,67.9,5717.41,2.2,analista
20,7.1,72.1,5464.79,3.8,marketeiro
59,8.6,62.5,4398.5,3.3,designer
31,5.9,56.6,6065.64,4.2,analista
55,9.5,78.3,5325.51,3.2,marketeiro
42,,80.4,4095.28,3.2,designer
50,7.1,56.0,4126.66,2.0,designer
30,,57.0,3862.04,6.2,engenheiro
29,6.5,62.4,4977.8,5.3,designer
22,6.6,65.3,6522.37,5.6,analista
33,7.3,63.7,4617.7,4.3,analista
35,6.7,61.7,5594.26,1.0,marketeiro
29,6.0,57.1,5400.49,6.3,marketeiro
48,7.3,65.0,4373.23,3.7,designer
29,5.7,49.6,6973.72,5.5,dev
31,7.5,71.2,6349.32,4.1,engenheiro
49,6.7,63.9,7566.5,7.0,dev
20,8.0,70.3,3746.31,2.1,designer
24,8.5,75.8,4922.23,1.8,designer
39,8.5,77.2,6037.3,1.2,dev
27,7.5,64.1,6428.87,1.9,engenheiro
31,7.7,61.3,6492.65,1.8,dev
20,6.5,66.6,79178.7,1.3,marketeiro
39,8.0,61.2,5782.36,3.8,analista
47,8.2,70.4,5276.08,5.8,marketeiro
56,4.6,39.1,4209.31,9.0,analista
56,7.6,65.8,3475.05,2.1,designer
31,9.1,,7671.99,1.6,engenheiro
56,6.5,48.0,5282.1,6.4,dev
47,6.1,,8388.84,5.3,engenheiro
34,6.4,52.0,6473.97,4.7,dev
25,4.7,43.8,5129.6,5.4,marketeiro
39,7.2,64.8,5487.22,5.4,marketeiro
33,7.0,,6292.25,2.2,dev
21,7.3,65.6,5927.65,4.3,engenheiro
28,7.6,80.8,4811.02,3.6,dev
56,5.8,48.6,4288.77,5.0,designer
39,7.4,64.9,5158.88,4.7,marketeiro
45,,69.0,4516.29,3.3,designer
48,6.3,49.2,3909.16,3.8,marketeiro
20,7.6,70.4,4656.99,3.4,marketeiro
54,7.1,72.4,6414.14,1.2,analista
25,6.1,51.7,5373.99,5.6,designer
56,7.4,62.7,5076.92,4.9,designer
24,6.6,58.6,5848.06,3.2,analista
52,8.0,64.9,5567.32,1.7,engenheiro
33,6.6,61.9,4292.43,3.2,designer
31,5.1,44.6,5918.35,5.5,dev
39,7.4,70.8,47577.9,3.7,analista
43,7.3,68.9,5120.13,5.9,designer
53,5.4,47.7,5205.28,7.5,engenheiro
44,8.1,67.9,36983.200000000004,4.2,designer
48,8.0,74.1,5900.03,3.1,marketeiro
58,5.7,48.7,6551.79,3.6,dev
50,,45.0,4670.35,7.4,analista
42,6.8,57.9,3851.78,3.7,marketeiro
57,5.9,39.9,4332.35,5.5,engenheiro
39,8.0,,6800.91,3.9,marketeiro
42,7.2,67.2,5296.51,3.7,marketeiro
35,5.4,53.7,5819.83,6.9,engenheiro
27,5.8,51.1,4675.65,5.6,marketeiro
40,8.8,82.1,4200.43,3.7,analista
20,9.3,94.0,5905.5,2.3,designer
27,7.8,68.9,6833.76,3.1,marketeiro
48,6.7,52.7,4664.31,4.4,analista
51,6.3,49.6,6650.56,4.5,designer
57,7.8,65.1,4883.36,1.3,designer
24,7.1,62.0,6463.19,2.3,marketeiro
41,4.6,34.2,5259.52,7.2,analista
53,8.5,79.3,5634.14,1.0,marketeiro
20,9.0,85.7,8260.72,1.4,engenheiro
45,8.1,73.6,5730.05,1.3,designer
29,5.4,45.1,5175.96,4.7,marketeiro
49,6.0,47.6,3160.42,4.6,designer
37,4.2,36.2,3836.66,5.7,analista
36,9.4,87.4,6677.41,1.0,dev
45,6.5,59.5,6267.31,4.0,marketeiro
27,10.0,100.0,5802.76,1.0,marketeiro
59,9.9,84.1,4788.03,1.0,designer
31,5.6,54.6,3846.98,6.1,analista
46,5.9,44.8,5544.79,6.4,engenheiro
27,7.7,82.0,5834.21,1.0,analista
44,4.4,31.0,3979.09,8.7,marketeiro
23,6.3,62.3,5662.63,3.5,engenheiro
52,6.2,46.1,5150.48,3.8,analista
20,9.8,93.0,7553.83,1.0,dev
38,7.2,72.5,5635.93,3.6,designer
50,6.6,51.6,5503.3,7.3,analista
35,6.1,64.5,5619.02,2.2,analista
33,8.3,76.8,6592.71,1.0,dev
24,6.3,62.6,5051.31,4.8,marketeiro
45,6.9,62.3,4605.04,4.8,designer
47,6.0,53.3,5890.03,4.8,analista
21,4.7,35.9,5858.28,6.9,engenheiro
25,5.5,47.7,4264.55,3.5,analista
28,6.2,62.9,6097.39,3.0,designer
52,6.6,53.9,3813.0,4.5,analista
44,6.7,58.6,7093.7,6.8,dev
32,6.9,54.5,5723.1,4.9,analista
28,6.3,54.4,4540.41,5.4,analista
32,9.0,89.5,6861.19,1.0,engenheiro
50,,67.8,5674.01,3.4,dev
30,6.8,65.6,6629.56,2.2,dev
23,7.4,70.1,6181.89,6.1,analista
53,6.4,52.6,6658.67,2.9,engenheiro
57,3.0,20.0,5397.11,6.3,analista
23,7.0,63.3,5356.92,1.6,analista
57,7.5,61.2,6326.96,3.7,designer
38,4.6,42.9,5621.77,6.0,designer
25,7.7,70.3,61733.6,5.4,engenheiro
53,6.6,64.2,5812.13,5.3,marketeiro
37,7.5,69.2,5616.37,2.2,designer
32,6.6,57.0,4846.63,5.5,marketeiro
42,8.9,85.2,6007.86,1.0,dev
38,7.3,68.9,6005.3,2.4,designer
30,8.5,70.8,5049.73,2.8,designer
20,,77.1,6864.62,1.0,engenheiro
43,5.3,44.0,5981.33,7.0,marketeiro
26,5.9,45.8,6713.62,8.4,designer
44,7.7,78.4,4755.1,2.6,designer
40,6.5,,6232.7,3.3,engenheiro
34,,,6452.52,4.0,engenheiro
20,8.9,83.6,5531.16,1.2,marketeiro
31,6.5,56.1,6143.28,4.7,dev
26,5.5,40.4,5214.55,3.3,dev
34,5.7,42.0,4117.48,5.6,analista
40,10.0,100.0,6903.06,3.9,designer
38,6.7,67.6,5703.59,1.0,marketeiro
48,5.0,37.1,4221.03,4.0,designer
44,4.3,39.2,5137.66,5.5,marketeiro
52,6.1,52.8,6457.8,5.5,marketeiro
51,6.7,60.0,4469.19,5.4,marketeiro
54,8.4,66.3,5163.59,4.0,designer
57,8.3,62.3,5323.27,1.0,engenheiro
45,7.0,66.8,4907.59,2.8,designer
30,6.3,47.3,5402.64,3.3,marketeiro
54,7.5,63.6,4561.52,3.4,analista
27,4.4,36.5,5398.19,6.2,dev
33,10.0,90.8,6202.17,1.0,marketeiro
29,,75.6,6105.12,2.2,analista
21,8.3,75.4,5705.15,3.6,engenheiro
28,5.4,50.3,5253.02,4.3,marketeiro
22,8.9,85.5,6230.16,1.7,analista
40,6.3,65.6,5270.29,6.8,marketeiro
45,5.6,39.8,5468.24,8.3,designer
27,6.9,64.2,4990.82,1.0,analista
21,6.9,67.0,5335.26,4.0,designer
25,5.4,47.5,3780.94,9.7,designer
47,5.7,40.5,3826.86,5.9,analista
48,5.5,52.1,6406.17,5.1,dev
45,5.6,48.2,5239.88,7.1,analista
44,6.4,49.0,5364.93,4.9,dev
31,4.9,45.2,4025.25,6.7,marketeiro
24,6.0,63.3,5811.74,4.2,marketeiro
53,8.6,74.9,4417.02,2.8,analista
56,8.2,71.1,6061.38,3.5,marketeiro
34,5.4,55.3,6690.18,6.4,engenheiro
55,8.4,68.5,3861.58,2.1,designer
34,4.1,42.3,4735.89,5.6,designer
42,10.0,96.5,8569.95,1.0,dev
25,9.0,79.9,6349.79,1.6,marketeiro
40,6.2,50.3,5091.52,6.1,dev
42,7.6,64.7,5544.05,4.1,designer
35,4.9,32.8,3359.55,4.4,designer
34,7.1,65.4,4084.08,1.0,marketeiro
44,6.7,54.1,6256.91,4.0,engenheiro
55,5.7,48.0,6660.74,6.4,engenheiro
30,6.3,50.5,5606.82,3.9,marketeiro
34,6.1,59.3,5749.8,2.3,marketeiro
23,,52.1,6177.48,4.4,dev
40,5.7,45.6,3592.78,5.6,marketeiro
32,4.8,43.8,6107.81,7.6,engenheiro
41,8.3,75.1,6101.06,2.3,marketeiro
38,5.6,55.8,6192.08,6.5,dev
53,5.2,35.9,5684.29,7.1,dev
33,8.3,75.3,6392.3,1.0,dev
23,7.6,67.7,6266.13,5.2,???
46,8.2,73.1,4024.46,3.2,analista
48,8.4,76.8,6276.03,1.0,marketeiro
47,9.9,86.4,5207.62,4.0,designer
54,6.8,55.0,5591.65,4.0,marketeiro
27,4.8,47.6,3368.97,2.8,analista
35,7.4,73.9,7436.58,2.3,dev
55,6.0,51.4,4346.36,3.3,analista
49,5.6,45.1,8210.29,4.2,engenheiro
37,7.1,62.9,8139.39,3.1,engenheiro
21,8.3,81.5,4362.97,2.2,marketeiro
32,5.7,52.2,5636.61,4.5,marketeiro
23,8.9,76.3,4330.29,2.1,designer
45,5.5,49.0,4223.74,6.0,designer
44,6.6,53.2,5805.11,3.2,engenheiro
49,7.6,58.9,6241.99,5.3,dev
30,6.4,49.8,5507.31,2.7,analista
26,4.3,37.1,3594.92,7.1,designer
50,8.4,68.8,5384.39,5.2,designer
29,,43.2,5484.96,4.6,dev
58,8.1,67.8,4560.28,3.3,dev
32,5.1,42.2,4485.55,4.1,marketeiro
50,5.4,42.8,6471.08,4.6,analista
26,8.3,74.6,5798.66,5.1,???
55,,73.3,3630.38,4.4,designer
39,6.3,58.2,5524.69,5.0,designer
23,7.5,68.2,5781.4,1.0,engenheiro
26,5.6,50.2,5924.11,4.0,dev
20,7.2,74.7,5183.32,6.1,marketeiro
32,7.2,70.3,6964.01,4.2,analista
41,6.4,49.2,4801.16,5.3,marketeiro
40,5.7,44.6,3753.32,5.3,designer
41,,58.9,4709.09,2.9,marketeiro
47,6.9,57.6,3880.63,4.5,designer
28,6.3,54.4,4649.12,2.2,designer
45,5.4,45.7,6100.78,2.9,designer
28,7.0,68.3,6022.76,2.6,designer
34,6.3,60.8,6544.4,4.7,designer
29,5.4,47.0,6589.09,2.9,engenheiro
43,7.1,53.9,5122.67,4.2,marketeiro
27,9.4,83.5,5954.2,1.0,engenheiro
43,6.4,53.3,6515.21,3.1,engenheiro
35,9.2,79.2,6084.33,3.9,dev
45,10.0,96.7,7073.47,1.1,dev
46,5.6,40.6,4711.21,3.9,dev
56,7.0,62.0,5472.46,4.1,analista
23,,87.0,5046.06,1.0,dev
43,6.8,62.9,5413.14,4.5,marketeiro
38,7.1,62.3,6974.44,5.5,engenheiro
55,4.5,41.5,3525.48,7.0,marketeiro
58,6.2,44.8,4599.71,8.0,dev
29,7.8,69.7,4508.91,1.0,analista
44,10.0,89.3,5698.12,1.4,analista
37,6.7,58.9,5265.47,2.1,engenheiro
38,4.5,35.7,5838.75,5.9,marketeiro
55,4.9,36.3,4893.24,5.9,designer
29,6.9,61.9,5608.45,7.3,marketeiro
52,8.8,66.9,4732.29,2.4,dev
24,8.0,79.7,6230.45,2.7,designer
54,7.7,80.4,6225.83,4.5,analista
53,9.0,80.5,6162.05,2.0,engenheiro
52,5.9,43.1,4913.35,7.7,engenheiro
40,,57.1,5295.8,4.9,analista
36,6.2,58.1,5497.76,5.7,dev
41,6.6,59.7,5054.89,1.4,analista
56,5.5,42.3,5069.92,8.3,dev
34,6.5,61.8,5504.26,3.2,designer
54,7.0,48.5,3146.51,4.1,analista
47,6.4,58.8,7025.92,3.3,dev
26,6.8,63.6,5752.09,2.5,designer
51,7.6,60.9,5581.99,1.7,analista
30,8.9,75.4,6515.94,2.4,engenheiro
29,9.0,84.5,6633.55,1.0,analista
28,8.1,82.9,5409.06,2.3,marketeiro
33,5.1,43.4,4927.65,7.1,analista
32,6.5,53.9,5919.93,5.3,marketeiro
44,6.6,58.0,6545.35,4.9,designer
21,6.0,65.0,4698.9,3.1,analista
54,7.5,66.5,5337.22,1.0,designer
26,4.6,43.6,3784.62,7.5,designer
40,9.5,93.5,6804.07,1.0,dev
37,8.8,82.9,4620.82,2.1,designer
22,7.7,68.9,6002.26,2.9,designer
58,6.9,48.7,5151.09,5.2,analista
30,8.8,77.8,5704.55,5.0,analista
58,8.0,63.2,7753.15,5.3,engenheiro
43,8.7,81.3,5633.04,1.0,dev
38,6.9,65.5,5530.46,3.4,designer
23,9.7,93.1,5890.0,1.0,dev
45,8.8,72.2,6239.44,3.8,marketeiro
57,7.8,75.2,6557.04,3.1,designer
51,8.9,76.6,5938.05,3.2,dev
58,6.4,55.1,4571.68,3.8,engenheiro
55,5.2,41.7,5575.5,3.9,engenheiro
59,7.5,64.1,6907.11,2.2,designer
56,6.9,60.8,4638.08,1.6,marketeiro
52,6.7,53.2,7714.13,2.3,engenheiro
55,8.8,83.8,6271.55,1.0,engenheiro
22,7.3,60.2,4598.34,2.2,marketeiro
